group,country_code,name,overall,confidence,source_url,source_name
A,CZE,Matěj Kovář,75,high,https://www.ea.com/games/ea-sports-fc/ratings?gender=0,EA Sports FC official ratings
A,CZE,David Zima,74,high,https://www.ea.com/games/ea-sports-fc/ratings?gender=0,EA Sports FC official ratings
A,CZE,Tomáš Holeš,76,high,https://www.ea.com/games/ea-sports-fc/ratings?gender=0,EA Sports FC official ratings
A,CZE,Robin Hranáč,71,high,https://www.ea.com/games/ea-sports-fc/ratings?gender=0,EA Sports FC official ratings
A,CZE,Vladimír Coufal,73,high,https://www.ea.com/games/ea-sports-fc/ratings?gender=0,EA Sports FC official ratings
A,CZE,Štěpán Chaloupek,70,high,https://www.ea.com/games/ea-sports-fc/ratings?gender=0,EA Sports FC official ratings
A,CZE,Ladislav Krejčí,78,high,https://www.ea.com/games/ea-sports-fc/ratings?gender=0,EA Sports FC official ratings
A,CZE,Adam Hložek,77,high,https://www.ea.com/games/ea-sports-fc/ratings?gender=0,EA Sports FC official ratings
A,CZE,Patrik Schick,85,high,https://www.ea.com/games/ea-sports-fc/ratings?gender=0,EA Sports FC official ratings
A,CZE,Jan Kuchta,73,high,https://www.ea.com/games/ea-sports-fc/ratings?gender=0,EA Sports FC official ratings
A,CZE,Lukáš Červ,74,high,https://www.ea.com/games/ea-sports-fc/ratings?gender=0,EA Sports FC official ratings
A,CZE,Mojmír Chytil,74,high,https://www.ea.com/games/ea-sports-fc/ratings?gender=0,EA Sports FC official ratings
A,CZE,David Jurásek,73,high,https://www.ea.com/games/ea-sports-fc/ratings?gender=0,EA Sports FC official ratings
A,CZE,Pavel Šulc,77,high,https://www.ea.com/games/ea-sports-fc/ratings?gender=0,EA Sports FC official ratings
A,CZE,Jindřich Staněk,76,high,https://www.ea.com/games/ea-sports-fc/ratings?gender=0,EA Sports FC official ratings
A,CZE,Lukáš Provod,78,high,https://www.ea.com/games/ea-sports-fc/ratings?gender=0,EA Sports FC official ratings
A,CZE,Michal Sadílek,76,high,https://www.ea.com/games/ea-sports-fc/ratings?gender=0,EA Sports FC official ratings
A,CZE,Tomáš Chorý,75,high,https://www.ea.com/games/ea-sports-fc/ratings?gender=0,EA Sports FC official ratings
A,CZE,Jaroslav Zelený,72,high,https://www.ea.com/games/ea-sports-fc/ratings?gender=0,EA Sports FC official ratings
A,CZE,David Douděra,74,high,https://www.ea.com/games/ea-sports-fc/ratings?gender=0,EA Sports FC official ratings
A,CZE,Tomáš Souček,78,high,https://www.ea.com/games/ea-sports-fc/ratings?gender=0,EA Sports FC official ratings
A,CZE,Lukáš Horníček,72,high,https://www.ea.com/games/ea-sports-fc/ratings?gender=0,EA Sports FC official ratings
A,CZE,Denis Višinský,68,high,https://www.ea.com/games/ea-sports-fc/ratings?gender=0,EA Sports FC official ratings
A,KOR,Lee Han-beom,69,high,https://www.ea.com/games/ea-sports-fc/ratings?gender=0,EA Sports FC official ratings
A,KOR,Lee Ki-hyuk,70,medium,https://www.fcratings.com/lee-gi-hyeok-261128,FC Ratings
A,KOR,Kim Min-jae,82,high,https://www.ea.com/games/ea-sports-fc/ratings?gender=0,EA Sports FC official ratings
A,KOR,Hwang In-beom,77,high,https://www.ea.com/games/ea-sports-fc/ratings?gender=0,EA Sports FC official ratings
A,KOR,Son Heung-min,85,high,https://www.ea.com/games/ea-sports-fc/ratings?gender=0,EA Sports FC official ratings
A,KOR,Paik Seung-ho,72,high,https://www.ea.com/games/ea-sports-fc/ratings?gender=0,EA Sports FC official ratings
A,KOR,Cho Gue-sung,70,high,https://www.ea.com/games/ea-sports-fc/ratings?gender=0,EA Sports FC official ratings
A,KOR,Lee Jae-sung,77,high,https://www.ea.com/games/ea-sports-fc/ratings?gender=0,EA Sports FC official ratings
A,KOR,Hwang Hee-chan,75,high,https://www.ea.com/games/ea-sports-fc/ratings?gender=0,EA Sports FC official ratings
A,KOR,Song Bum-keun,74,high,https://www.ea.com/games/ea-sports-fc/ratings?gender=0,EA Sports FC official ratings
A,KOR,Lee Tae-seok,69,medium,https://www.fcratings.com/lee-tae-seok-261063,FC Ratings
A,KOR,Kim Moon-hwan,69,medium,https://www.fcratings.com/kim-moon-hwan-244800,FC Ratings
A,KOR,Park Jin-seob,71,high,https://www.ea.com/games/ea-sports-fc/ratings?gender=0,EA Sports FC official ratings
A,KOR,Bae Jun-ho,71,high,https://www.ea.com/games/ea-sports-fc/ratings?gender=0,EA Sports FC official ratings
A,KOR,Oh Hyeon-gyu,71,high,https://www.ea.com/games/ea-sports-fc/ratings?gender=0,EA Sports FC official ratings
A,KOR,Lee Kang-in,79,high,https://www.ea.com/games/ea-sports-fc/ratings?gender=0,EA Sports FC official ratings
A,KOR,Yang Hyun-jun,71,high,https://www.ea.com/games/ea-sports-fc/ratings?gender=0,EA Sports FC official ratings
A,KOR,Jo Hyeon-woo,75,high,https://www.ea.com/games/ea-sports-fc/ratings?gender=0,EA Sports FC official ratings
A,KOR,Jens Castrop,70,high,https://www.ea.com/games/ea-sports-fc/ratings?gender=0,EA Sports FC official ratings
A,KOR,Kim Jin-gyu,73,medium,https://www.fcratings.com/kim-jin-kyu-227659,FC Ratings
A,KOR,Eom Ji-sung,71,high,https://www.ea.com/games/ea-sports-fc/ratings?gender=0,EA Sports FC official ratings
A,KOR,Lee Dong-gyeong,75,medium,https://www.fcratings.com/lee-dong-kyeong-245054,FC Ratings
A,MEX,Raúl Rangel,76,medium,https://fifaindex.com/players/73325-raul-rangel,FIFA Index
A,MEX,Jorge Sánchez,73,medium,https://fifaindex.com/players/233493-jorge-sanchez,FIFA Index
A,MEX,César Montes,76,medium,https://fifaindex.com/player/229980/c%C3%A9sar-montes/,FIFA Index
A,MEX,Edson Álvarez,78,high,https://www.ea.com/games/ea-sports-fc/ratings?gender=0,EA Sports FC official ratings
A,MEX,Johan Vásquez,75,high,https://www.ea.com/games/ea-sports-fc/ratings?gender=0,EA Sports FC official ratings
A,MEX,Luis Romo,75,medium,https://fifaindex.com/player/243015/luis-romo/,FIFA Index
A,MEX,Raúl Jiménez,77,high,https://www.ea.com/games/ea-sports-fc/ratings?gender=0,EA Sports FC official ratings
A,MEX,Alexis Vega,78,medium,https://fifaindex.com/players/233260-alexis-vega/fc26,FIFA Index
A,MEX,Santiago Giménez,79,high,https://www.ea.com/games/ea-sports-fc/ratings?gender=0,EA Sports FC official ratings
A,MEX,Carlos Acevedo,74,medium,https://fifaindex.com/players/235183-carlos-acevedo,FIFA Index
A,MEX,Guillermo Ochoa,74,medium,https://fifaindex.com/players/140233-guillermo-ochoa,FIFA Index
A,MEX,Israel Reyes,75,medium,https://fifaindex.com/player/252008/israel-reyes/,FIFA Index
A,MEX,Julián Quiñones,80,high,https://www.ea.com/games/ea-sports-fc/ratings?gender=0,EA Sports FC official ratings
A,MEX,Orbelín Pineda,77,high,https://www.ea.com/games/ea-sports-fc/ratings?gender=0,EA Sports FC official ratings
A,MEX,Obed Vargas,69,high,https://www.ea.com/games/ea-sports-fc/ratings?gender=0,EA Sports FC official ratings
A,MEX,Mateo Chávez,72,high,https://www.ea.com/games/ea-sports-fc/ratings?gender=0,EA Sports FC official ratings
A,MEX,César Huerta,73,high,https://www.ea.com/games/ea-sports-fc/ratings?gender=0,EA Sports FC official ratings
A,MEX,Brian Gutiérrez,68,medium,https://www.ea.com/games/ea-sports-fc/ratings?gender=0,EA Sports FC official ratings
A,RSA,Lyle Foster,72,high,https://www.ea.com/games/ea-sports-fc/ratings?gender=0,EA Sports FC official ratings
A,RSA,Sphephelo Sithole,65,high,https://www.ea.com/games/ea-sports-fc/ratings?gender=0,EA Sports FC official ratings
A,RSA,Samukele Kabini,63,high,https://www.ea.com/games/ea-sports-fc/ratings?gender=0,EA Sports FC official ratings
A,RSA,Ime Okon,67,high,https://www.ea.com/games/ea-sports-fc/ratings?gender=0,EA Sports FC official ratings
A,RSA,Olwethu Makhanya,57,high,https://www.ea.com/games/ea-sports-fc/ratings?gender=0,EA Sports FC official ratings
B,BIH,Nikola Vasilj,77,high,https://www.ea.com/en/games/ea-sports-fc/ratings/player-ratings/nikola-vasilj/262956,EA SPORTS FC official ratings
B,BIH,Sead Kolašinac,79,high,https://www.ea.com/en/games/ea-sports-fc/ratings/player-ratings/sead-kolasinac/207993,EA SPORTS FC official ratings
B,BIH,Benjamin Tahirović,67,high,https://www.ea.com/en/games/ea-sports-fc/ratings/player-ratings/benjamin-tahirovic/272596,EA SPORTS FC official ratings
B,BIH,Amar Dedić,73,high,https://www.ea.com/en/games/ea-sports-fc/ratings/player-ratings/amar-dedic/257345,EA SPORTS FC official ratings
B,BIH,Armin Gigović,72,high,https://www.ea.com/en/games/ea-sports-fc/ratings/player-ratings/armin-gigovic/251617,EA SPORTS FC official ratings
B,BIH,Ermedin Demirović,80,high,https://www.ea.com/en/games/ea-sports-fc/ratings/player-ratings/ermedin-demirovic/238900,EA SPORTS FC official ratings
B,BIH,Edin Džeko,81,high,https://www.ea.com/en/games/ea-sports-fc/ratings/player-ratings/edin-dzeko/180930,EA SPORTS FC official ratings
B,BIH,Amir Hadžiahmetović,73,high,https://www.ea.com/en/games/ea-sports-fc/ratings/player-ratings/amir-hadziahmetovic/233053,EA SPORTS FC official ratings
B,BIH,Dženis Burnić,68,high,https://www.ea.com/en/games/ea-sports-fc/ratings/player-ratings/dzenis-burnic/228082,EA SPORTS FC official ratings
B,BIH,Nikola Katić,69,high,https://www.ea.com/en/games/ea-sports-fc/ratings/player-ratings/nikola-katic/244204,EA SPORTS FC official ratings
B,BIH,Esmir Bajraktarević,67,high,https://www.ea.com/en/games/ea-sports-fc/ratings/player-ratings/esmir-bajraktarevic/269823,EA SPORTS FC official ratings
B,BIH,Haris Tabaković,73,high,https://www.ea.com/en/games/ea-sports-fc/ratings/player-ratings/haris-tabakovic/212002,EA SPORTS FC official ratings
B,CAN,Maxime Crépeau,69,high,https://www.ea.com/en/games/ea-sports-fc/ratings/player-ratings/maxime-crepeau/213536,EA SPORTS FC official ratings
B,CAN,Kamal Miller,71,high,https://www.ea.com/en/games/ea-sports-fc/ratings/player-ratings/kamal-miller/247648,EA SPORTS FC official ratings
B,CAN,Richie Laryea,72,high,https://www.ea.com/en/games/ea-sports-fc/ratings/player-ratings/richie-laryea/232081,EA SPORTS FC official ratings
B,CAN,Alistair Johnston,78,high,https://www.ea.com/en/games/ea-sports-fc/ratings/player-ratings/alistair-johnston/256107,EA SPORTS FC official ratings
B,CAN,Derek Cornelius,74,high,https://www.ea.com/en/games/ea-sports-fc/ratings/player-ratings/derek-cornelius/243009,EA SPORTS FC official ratings
B,CAN,Stephen Eustáquio,77,high,https://www.ea.com/en/games/ea-sports-fc/ratings/player-ratings/stephen-eustaquio/242380,EA SPORTS FC official ratings
B,CAN,Jonathan Osorio,71,high,https://www.ea.com/en/games/ea-sports-fc/ratings/player-ratings/jonathan-osorio/213439,EA SPORTS FC official ratings
B,CAN,Mark-Anthony Kaye,67,high,https://www.ea.com/en/games/ea-sports-fc/ratings/player-ratings/mark-anthony-kaye/238922,EA SPORTS FC official ratings
B,CAN,Ismael Koné,72,high,https://www.ea.com/en/games/ea-sports-fc/ratings/player-ratings/ismael-kone/264207,EA SPORTS FC official ratings
B,CAN,Alphonso Davies,84,high,https://www.ea.com/en/games/ea-sports-fc/ratings/player-ratings/alphonso-davies/234396,EA SPORTS FC official ratings
B,CAN,Jonathan David,82,high,https://www.ea.com/en/games/ea-sports-fc/ratings/player-ratings/jonathan-david/243630,EA SPORTS FC official ratings
B,CAN,Cyle Larin,77,high,https://www.ea.com/en/games/ea-sports-fc/ratings/player-ratings/cyle-larin/226777,EA SPORTS FC official ratings
B,QAT,Akram Afif,78,medium,https://fifaindex.com/players/234051-akram-afif,FIFA Index
B,QAT,Almoez Ali,73,medium,https://fifaindex.com/players/268772-almoez-ali,FIFA Index
B,QAT,Meshaal Barsham,69,medium,https://fifaindex.com/players/268783-meshaal-barsham/fc26,FIFA Index
B,SUI,Gregor Kobel,86,high,https://www.ea.com/en/games/ea-sports-fc/ratings/player-ratings/gregor-kobel/235073,EA SPORTS FC official ratings
B,SUI,Miro Muheim,75,high,https://www.ea.com/en/games/ea-sports-fc/ratings/player-ratings/miro-muheim/232839,EA SPORTS FC official ratings
B,SUI,Silvan Widmer,72,high,https://www.ea.com/en/games/ea-sports-fc/ratings/player-ratings/silvan-widmer/216158,EA SPORTS FC official ratings
B,SUI,Nico Elvedi,77,high,https://www.ea.com/en/games/ea-sports-fc/ratings/player-ratings/nico-elvedi/221491,EA SPORTS FC official ratings
B,SUI,Manuel Akanji,82,high,https://www.ea.com/en/games/ea-sports-fc/ratings/player-ratings/manuel-akanji/229237,EA SPORTS FC official ratings
B,SUI,Denis Zakaria,82,high,https://www.ea.com/en/games/ea-sports-fc/ratings/player-ratings/denis-zakaria/229261,EA SPORTS FC official ratings
B,SUI,Breel Embolo,77,high,https://www.ea.com/en/games/ea-sports-fc/ratings/player-ratings/breel-embolo/222357,EA SPORTS FC official ratings
B,SUI,Remo Freuler,81,high,https://www.ea.com/en/games/ea-sports-fc/ratings/player-ratings/remo-freuler/202024,EA SPORTS FC official ratings
B,SUI,Johan Manzambi,67,high,https://www.ea.com/en/games/ea-sports-fc/ratings/player-ratings/johan-manzambi/276694,EA SPORTS FC official ratings
B,SUI,Granit Xhaka,85,high,https://www.ea.com/en/games/ea-sports-fc/ratings/player-ratings/granit-xhaka/199503,EA SPORTS FC official ratings
B,SUI,Dan Ndoye,79,high,https://www.ea.com/en/games/ea-sports-fc/ratings/player-ratings/dan-ndoye/257980,EA SPORTS FC official ratings
B,SUI,Yvon Mvogo,76,medium,https://fifaindex.com/players/206003-yvon-mvogo,FIFA Index
B,SUI,Ricardo Rodriguez,74,high,https://www.ea.com/en/games/ea-sports-fc/ratings/player-ratings/ricardo-rodriguez/193352,EA SPORTS FC official ratings
B,SUI,Ardon Jashari,77,high,https://www.ea.com/en/games/ea-sports-fc/ratings/player-ratings/ardon-jashari/257186,EA SPORTS FC official ratings
B,SUI,Djibril Sow,76,high,https://www.ea.com/en/games/ea-sports-fc/ratings/player-ratings/djibril-sow/229752,EA SPORTS FC official ratings
B,SUI,Christian Fassnacht,72,high,https://www.ea.com/en/games/ea-sports-fc/ratings/player-ratings/christian-fassnacht/234913,EA SPORTS FC official ratings
B,SUI,Rubén Vargas,75,high,https://www.ea.com/en/games/ea-sports-fc/ratings/player-ratings/ruben-vargas/238581,EA SPORTS FC official ratings
B,SUI,Eray Cömert,72,high,https://www.ea.com/en/games/ea-sports-fc/ratings/player-ratings/eray-comert/233885,EA SPORTS FC official ratings
B,SUI,Noah Okafor,76,high,https://www.ea.com/en/games/ea-sports-fc/ratings/player-ratings/noah-okafor/242530,EA SPORTS FC official ratings
B,SUI,Michel Aebischer,74,high,https://www.ea.com/en/games/ea-sports-fc/ratings/player-ratings/michel-aebischer/236898,EA SPORTS FC official ratings
B,SUI,Marvin Keller,72,high,https://www.ea.com/en/games/ea-sports-fc/ratings/player-ratings/marvin-keller/256726,EA SPORTS FC official ratings
B,SUI,Fabian Rieder,74,high,https://www.ea.com/en/games/ea-sports-fc/ratings/player-ratings/fabian-rieder/259306,EA SPORTS FC official ratings
B,SUI,Zeki Amdouni,75,high,https://www.ea.com/en/games/ea-sports-fc/ratings/player-ratings/zeki-amdouni/262642,EA SPORTS FC official ratings
B,SUI,Aurèle Amenda,71,high,https://www.ea.com/en/games/ea-sports-fc/ratings/player-ratings/aurele-amenda/270846,EA SPORTS FC official ratings
B,SUI,Luca Jaquez,69,high,https://www.ea.com/en/games/ea-sports-fc/ratings/player-ratings/luca-jaquez/266685,EA SPORTS FC official ratings
B,SUI,Cedric Itten,70,high,https://www.ea.com/en/games/ea-sports-fc/ratings/player-ratings/cedric-itten/233139,EA SPORTS FC official ratings
C,BRA,Alisson,89,high,https://www.ea.com/games/ea-sports-fc/ratings/player-ratings/alisson/212831,
C,BRA,Wesley,77,high,https://www.ea.com/games/ea-sports-fc/ratings/player-ratings/wesley/80170,
C,BRA,Gabriel Magalhães,88,high,https://www.ea.com/games/ea-sports-fc/ratings/player-ratings/gabriel/232580,
C,BRA,Marquinhos,87,high,https://www.ea.com/games/ea-sports-fc/ratings/player-ratings/marquinhos/207865,
C,BRA,Casemiro,80,high,https://www.ea.com/games/ea-sports-fc/ratings/player-ratings/casemiro/200145,
C,BRA,Vinícius Júnior,89,high,https://www.ea.com/games/ea-sports-fc/ratings/player-ratings/vini-jr/238794,
C,BRA,Bruno Guimarães,86,high,https://www.ea.com/games/ea-sports-fc/ratings/player-ratings/bruno-guimaraes/247851,
C,BRA,Neymar,90,high,null
C,BRA,Matheus Cunha,83,high,https://www.ea.com/games/ea-sports-fc/ratings/player-ratings/matheus-cunha/240243,
C,BRA,Raphinha,89,high,https://www.ea.com/games/ea-sports-fc/ratings/player-ratings/raphinha/233419,
C,BRA,Bremer,85,high,https://www.ea.com/games/ea-sports-fc/ratings/player-ratings/bremer/239580,
C,BRA,Fabinho,82,high,https://www.ea.com/games/ea-sports-fc/ratings/player-ratings/fabinho/209499,
C,BRA,Endrick,77,high,https://www.ea.com/games/ea-sports-fc/ratings/player-ratings/endrick/272505,
C,BRA,Lucas Paquetá,80,high,https://www.ea.com/games/ea-sports-fc/ratings/player-ratings/lucas-paqueta/233927,
C,BRA,Gabriel Martinelli,81,high,https://www.ea.com/games/ea-sports-fc/ratings/player-ratings/gabriel-martinelli/251566,
C,BRA,Ederson,85,high,https://www.ea.com/games/ea-sports-fc/ratings/player-ratings/ederson/210257,
C,BRA,Roger Ibañez,82,high,https://www.ea.com/games/ea-sports-fc/ratings/player-ratings/ibanez/247257,
C,BRA,Igor Thiago,75,high,https://www.ea.com/games/ea-sports-fc/ratings/player-ratings/igor-thiago/275771,
C,HAI,Johny Placide,69,high,https://www.ea.com/games/ea-sports-fc/ratings/player-ratings/johny-placide/178363,
C,HAI,Carlens Arcus,71,high,https://www.ea.com/games/ea-sports-fc/ratings/player-ratings/carlens-arcus/228591,
C,HAI,Hannes Delcroix,71,medium,https://www.ea.com/games/ea-sports-fc/ratings/player-ratings/hannes-delcroix/237440,
C,HAI,Derrick Etienne Jr.,66,high,https://www.ea.com/games/ea-sports-fc/ratings/player-ratings/derrick-etienne-jr/166539,
C,HAI,Martin Expérience,62,high,https://www.ea.com/games/ea-sports-fc/ratings/player-ratings/martin-experience/78651,
C,HAI,Jean-Ricner Bellegarde,75,medium,https://www.ea.com/games/ea-sports-fc/ratings/player-ratings/jean-ricner-bellegarde/235456,
C,HAI,Louicius Deedson,65,medium,https://www.ea.com/games/ea-sports-fc/ratings/player-ratings/don-deedson-louicius/252416,
C,HAI,Lenny Joseph,68,medium,https://www.ea.com/games/ea-sports-fc/ratings/player-ratings/lenny-joseph/262652,
C,HAI,Danley Jean Jacques,70,high,https://www.ea.com/games/ea-sports-fc/ratings/player-ratings/danley-jean-jacques/268805,
C,HAI,Wilson Isidor,72,medium,https://www.ea.com/games/ea-sports-fc/ratings/player-ratings/wilson-isidor/247335,
C,HAI,Frantzdy Pierrot,72,high,https://www.ea.com/games/ea-sports-fc/ratings/player-ratings/frantzdy-pierrot/244949,
C,HAI,Josué Casimir,71,medium,https://www.ea.com/games/ea-sports-fc/ratings/player-ratings/josue-casimir/260943,
C,HAI,Jean-Kévin Duverne,71,high,https://www.ea.com/games/ea-sports-fc/ratings/player-ratings/jean-kevin-duverne/229705,
C,HAI,Wilguens Paugain,55,high,https://www.ea.com/games/ea-sports-fc/ratings/player-ratings/wilguens-paugain/78421,
C,MAR,Yassine Bounou,82,high,https://www.ea.com/games/ea-sports-fc/ratings/player-ratings/yassine-bounou/209981,
C,MAR,Achraf Hakimi,89,high,https://www.ea.com/games/ea-sports-fc/ratings/player-ratings/achraf-hakimi/235212,
C,MAR,Noussair Mazraoui,80,high,https://www.ea.com/games/ea-sports-fc/ratings/player-ratings/noussair-mazraoui/236401,
C,MAR,Sofyan Amrabat,78,high,https://www.ea.com/games/ea-sports-fc/ratings/player-ratings/sofyan-amrabat/224158,
C,MAR,Nayef Aguerd,81,high,https://www.ea.com/games/ea-sports-fc/ratings/player-ratings/nayef-aguerd/244749,
C,MAR,Ayyoub Bouaddi,75,medium,https://www.ea.com/games/ea-sports-fc/ratings/player-ratings/ayyoub-bouaddi/278901,
C,MAR,Chemsdine Talbi,73,high,https://www.ea.com/games/ea-sports-fc/ratings/player-ratings/chemsdine-talbi/275048,
C,MAR,Azzedine Ounahi,76,high,https://www.ea.com/games/ea-sports-fc/ratings/player-ratings/azzedine-ounahi/255125,
C,MAR,Soufiane Rahimi,78,high,https://www.ea.com/games/ea-sports-fc/ratings/player-ratings/soufiane-rahimi/264348,
C,MAR,Brahim Díaz,82,high,https://www.ea.com/games/ea-sports-fc/ratings/player-ratings/brahim/231410,
C,MAR,Ismael Saibari,79,high,https://www.ea.com/games/ea-sports-fc/ratings/player-ratings/ismael-saibari/259480,
C,MAR,Zakaria El Ouahdi,76,high,https://www.ea.com/games/ea-sports-fc/ratings/player-ratings/zakaria-el-ouahdi/275353,
C,MAR,Issa Diop,76,medium,https://www.ea.com/games/ea-sports-fc/ratings/player-ratings/issa-diop/231633,
C,MAR,Samir El Mourabet,65,high,https://www.ea.com/games/ea-sports-fc/ratings/player-ratings/samir-el-mourabet/279702,
C,MAR,Gessime Yassine,65,medium,https://www.ea.com/games/ea-sports-fc/ratings/player-ratings/gessime-yassine/70017,
C,MAR,Abde Ezzalzouli,77,high,https://www.ea.com/games/ea-sports-fc/ratings/player-ratings/abdessamad-ezzalzouli/264432,
C,MAR,Chadi Riad,72,high,https://www.ea.com/games/ea-sports-fc/ratings/player-ratings/chadi-riad/258490,
C,MAR,Ayoub El Kaabi,80,high,https://www.ea.com/games/ea-sports-fc/ratings/player-ratings/ayoub-el-kaabi/243586,
C,MAR,Ayoube Amaimouni,63,high,https://www.ea.com/games/ea-sports-fc/ratings/player-ratings/ayoube-amaimouni/78474,
C,MAR,Bilal El Khannouss,76,high,https://www.ea.com/games/ea-sports-fc/ratings/player-ratings/bilal-el-khannouss/257504,
C,MAR,Neil El Aynaoui,77,high,https://www.ea.com/games/ea-sports-fc/ratings/player-ratings/neil-el-aynaoui/262745,
C,MAR,Redouane Halhal,63,high,https://www.ea.com/games/ea-sports-fc/ratings/player-ratings/redouane-halhal/264657,
C,MAR,Anass Salah-Eddine,71,medium,https://www.ea.com/games/ea-sports-fc/ratings/player-ratings/anass-salah-eddine/268728,
C,SCO,Angus Gunn,72,high,https://www.ea.com/games/ea-sports-fc/ratings/player-ratings/angus-gunn/216325,
C,SCO,Aaron Hickey,74,high,https://www.ea.com/games/ea-sports-fc/ratings/player-ratings/aaron-hickey/248808,
C,SCO,Andy Robertson,82,high,https://www.ea.com/games/ea-sports-fc/ratings/player-ratings/andrew-robertson/216267,
C,SCO,Scott McTominay,85,high,https://www.ea.com/games/ea-sports-fc/ratings/player-ratings/scott-mctominay/237238,
C,SCO,Grant Hanley,71,high,https://www.ea.com/games/ea-sports-fc/ratings/player-ratings/grant-hanley/198904,
C,SCO,Kieran Tierney,77,high,https://www.ea.com/games/ea-sports-fc/ratings/player-ratings/kieran-tierney/226491,
C,SCO,John McGinn,81,high,https://www.ea.com/games/ea-sports-fc/ratings/player-ratings/john-mcginn/210881,
C,SCO,Lyndon Dykes,68,high,https://www.ea.com/games/ea-sports-fc/ratings/player-ratings/lyndon-dykes/247279,
C,SCO,Ché Adams,77,high,https://www.ea.com/games/ea-sports-fc/ratings/player-ratings/che-adams/226093,
C,SCO,Ryan Christie,79,high,https://www.ea.com/games/ea-sports-fc/ratings/player-ratings/ryan-christie/213884,
C,SCO,Liam Kelly,67,high,https://www.ea.com/games/ea-sports-fc/ratings/player-ratings/liam-kelly/225203,
C,SCO,Jack Hendry,74,high,https://www.ea.com/games/ea-sports-fc/ratings/player-ratings/jack-hendry/225316,
C,SCO,Ross Stewart,71,high,https://www.ea.com/games/ea-sports-fc/ratings/player-ratings/ross-stewart/244319,
C,SCO,John Souttar,73,high,https://www.ea.com/games/ea-sports-fc/ratings/player-ratings/john-souttar/212516,
C,SCO,Dominic Hyam,71,high,https://www.ea.com/games/ea-sports-fc/ratings/player-ratings/dominic-hyam/221281,
C,SCO,Ben Gannon-Doak,71,medium,https://www.ea.com/games/ea-sports-fc/ratings/player-ratings/ben-doak/266815,
C,SCO,George Hirst,72,high,https://www.ea.com/games/ea-sports-fc/ratings/player-ratings/george-hirst/233602,
C,SCO,Lewis Ferguson,78,high,https://www.ea.com/games/ea-sports-fc/ratings/player-ratings/lewis-ferguson/242280,
C,SCO,Lawrence Shankland,73,high,https://www.ea.com/games/ea-sports-fc/ratings/player-ratings/lawrence-shankland/216218,
C,SCO,Craig Gordon,67,high,https://www.ea.com/games/ea-sports-fc/ratings/player-ratings/craig-gordon/53110,
C,SCO,Nathan Patterson,71,high,https://www.ea.com/games/ea-sports-fc/ratings/player-ratings/nathan-patterson/257896,
C,SCO,Kenny McLean,72,high,https://www.ea.com/games/ea-sports-fc/ratings/player-ratings/kenny-mclean/201368,
C,SCO,Anthony Ralston,71,high,https://www.ea.com/games/ea-sports-fc/ratings/player-ratings/anthony-ralston/234072,
C,SCO,Findlay Curtis,63,high,https://www.ea.com/games/ea-sports-fc/ratings/player-ratings/findlay-curtis/76784,
C,SCO,Scott McKenna,75,high,https://www.ea.com/games/ea-sports-fc/ratings/player-ratings/scott-mckenna/225974,
D,AUS,Mathew Ryan,79,medium,https://www.fifacm.com/player/199005/mathew-ryan/changelog,
D,AUS,Miloš Degenek,68,medium,https://www.fifacm.com/26/player/229585,
D,AUS,Alessandro Circati,72,high,https://www.fcratings.com/alessandro-circati-268913,
D,AUS,Jacob Italiano,66,high,https://www.fcratings.com/jacob-italiano-241552,
D,AUS,Jordan Bos,74,high,https://www.fcratings.com/jordan-bos-260521,
D,AUS,Mathew Leckie,70,high,https://www.fcratings.com/mathew-leckie-195033,
D,AUS,Connor Metcalfe,69,high,https://www.fcratings.com/connor-metcalfe-240648,
D,AUS,Mohamed Touré,69,high,https://www.fcratings.com/mohamed-toure-255767,
D,AUS,Ajdin Hrustic,68,high,https://www.fcratings.com/ajdin-hrustic-237647,
D,AUS,Awer Mabil,68,high,https://www.fcratings.com/awer-mabil-212830,
D,AUS,Paul Izzo,72,high,https://www.fcratings.com/paul-izzo-204424,
D,AUS,Aiden O'Neill,70,high,https://www.ea.com/en/games/ea-sports-fc/ratings/player-ratings/aiden-o-neill/230888,
D,AUS,Kai Trewin,69,high,https://www.fcratings.com/kai-trewin-252700,
D,AUS,Aziz Behich,67,high,https://www.fcratings.com/aziz-behich-202157,
D,AUS,Nestory Irankunda,69,high,https://www.fcratings.com/nestory-irankunda-266245,
D,AUS,Patrick Beach,66,high,https://www.fcratings.com/patrick-beach-267599,
D,AUS,Harry Souttar,72,high,https://www.fcratings.com/harry-souttar-229901,
D,AUS,Cristian Volpato,70,high,https://www.fcratings.com/cristian-volpato-265761,
D,AUS,Cameron Burgess,73,high,https://www.fcratings.com/cameron-burgess-216744,
D,AUS,Jackson Irvine,74,high,https://www.fcratings.com/jackson-irvine-211378,
D,AUS,Nishan Velupillay,65,high,https://www.fcratings.com/nishan-velupillay-262039,
D,AUS,Paul Okon-Engstler,60,medium,https://www.fifacm.com/player/80236/paul-okon-engstler,
D,AUS,Lucas Herrington,60,high,https://www.fcratings.com/lucas-herrington-75145,
D,AUS,Tete Yengi,59,high,https://www.fcratings.com/tete-yengi-260386,
D,PAR,Gustavo Velázquez,73,high,https://www.fcratings.com/gustavo-velazquez-246696,
D,PAR,Omar Alderete,80,high,https://www.fcratings.com/omar-alderete-240359,
D,PAR,Juan José Cáceres,73,medium,https://www.fifacm.com/player/251613/juan-jose-caceres,
D,PAR,Ramón Sosa,75,medium,https://www.fifaratings.com/ramon-sosa,
D,PAR,Diego Gómez,77,high,https://www.fcratings.com/diego-gomez-269278,
D,PAR,Antonio Sanabria,75,high,https://www.fcratings.com/antonio-sanabria-219932,
D,PAR,Miguel Almirón,76,high,https://www.fcratings.com/miguel-almiron-230977,
D,PAR,Orlando Gill,67,high,https://www.fcratings.com/orlando-gill-75260,
D,PAR,José Canale,70,high,https://www.fcratings.com/jose-canale-253238,
D,PAR,Andrés Cubas,74,high,https://www.fcratings.com/andres-cubas-222429,
D,PAR,Gustavo Gómez,78,medium,https://www.fifacm.com/player/218191/gustavo-gomez,
D,PAR,Kaku,79,high,https://www.fcratings.com/kaku-226376,
D,PAR,Álex Arce,75,high,https://www.fcratings.com/alex-arce-273843,
D,PAR,Julio Enciso,75,high,https://www.ea.com/games/ea-sports-fc/ratings/player-ratings/julio-cesar-enciso/255434,
D,PAR,Braian Ojeda,69,high,https://www.fcratings.com/braian-ojeda-248870,
D,PAR,Gabriel Ávalos,74,high,https://www.fcratings.com/gabriel-avalos-226286,
D,PAR,Gastón Olveira,73,high,https://www.fcratings.com/gaston-olveira-254601,
D,PAR,Matías Galarza,70,high,https://www.fcratings.com/matias-galarza-278020,
D,PAR,Alexandro Maidana,62,high,https://www.fcratings.com/alexandro-maidana-77972,
D,TUR,Mert Günok,75,high,https://www.fcratings.com/mert-gunok-190113,
D,TUR,Zeki Çelik,78,high,https://www.fcratings.com/zeki-celik-224490,
D,TUR,Merih Demiral,79,high,https://www.fcratings.com/merih-demiral-238160,
D,TUR,Çağlar Söyüncü,75,high,https://www.fcratings.com/caglar-soyuncu-232119,
D,TUR,Salih Özcan,74,high,https://www.fcratings.com/salih-ozcan-235407,
D,TUR,Orkun Kökçü,82,high,https://www.fcratings.com/orkun-kokcu-243245,
D,TUR,Kerem Aktürkoğlu,79,high,https://www.fcratings.com/kerem-akturkoglu-258580,
D,TUR,Arda Güler,83,high,https://www.fcratings.com/arda-guler-264309,
D,TUR,Deniz Gül,70,high,https://www.fcratings.com/deniz-gul-278587,
D,TUR,Hakan Çalhanoğlu,86,high,https://www.fcratings.com/hakan-calhanoglu-208128,
D,TUR,Kenan Yıldız,82,high,https://www.fcratings.com/kenan-y-ld-z-277954,
D,TUR,Altay Bayındır,75,high,https://www.fcratings.com/altay-bay-nd-r-243647,
D,TUR,Eren Elmalı,75,high,https://www.fcratings.com/eren-elmal-259754,
D,TUR,Abdülkerim Bardakcı,80,high,https://www.fcratings.com/abdulkerim-bardakc-229905,
D,TUR,Ozan Kabak,76,high,https://www.fcratings.com/ozan-kabak-239890,
D,TUR,İsmail Yüksek,77,high,https://www.fcratings.com/ismail-yuksek-260466,
D,TUR,İrfan Can Kahveci,74,high,https://www.fcratings.com/irfan-can-kahveci-225403,
D,TUR,Mert Müldür,74,high,https://www.fcratings.com/mert-muldur-243526,
D,TUR,Yunus Akgün,79,high,https://www.fcratings.com/yunus-akgun-239892,
D,TUR,Ferdi Kadıoğlu,79,high,https://www.fcratings.com/ferdi-kad-oglu-235152,
D,TUR,Barış Alper Yılmaz,80,high,https://www.fcratings.com/bar-s-alper-y-lmaz-263205,
D,TUR,Kaan Ayhan,73,high,https://www.fcratings.com/kaan-ayhan-207790,
D,TUR,Uğurcan Çakır,80,high,https://www.fcratings.com/ugurcan-cak-r-226300,
D,TUR,Oğuz Aydın,74,high,https://www.fcratings.com/oguz-ayd-n-264001,
D,TUR,Samet Akaydin,70,high,https://www.ea.com/en/games/ea-sports-fc/ratings/player-ratings/samet-akayd-n/263021,
D,TUR,Can Uzun,78,high,https://www.fcratings.com/can-uzun-275328,
D,USA,Matt Turner,74,high,https://www.fcratings.com/matt-turner-233267,
D,USA,Sergiño Dest,79,high,https://www.fcratings.com/sergino-dest-251804,
D,USA,Chris Richards,79,high,https://www.fcratings.com/chris-richards-250954,
D,USA,Tyler Adams,79,high,https://www.fcratings.com/tyler-adams-232999,
D,USA,Antonee Robinson,81,high,https://www.fcratings.com/antonee-robinson-229348,
D,USA,Auston Trusty,74,high,https://www.fcratings.com/auston-trusty-235755,
D,USA,Giovanni Reyna,73,high,https://www.fcratings.com/giovanni-reyna-245541,
D,USA,Weston McKennie,79,high,https://www.fcratings.com/weston-mckennie-238744,
D,USA,Ricardo Pepi,76,high,https://www.fcratings.com/ricardo-pepi-251223,
D,USA,Christian Pulisic,85,high,https://www.fcratings.com/christian-pulisic-227796,
D,USA,Brenden Aaronson,76,high,https://www.fcratings.com/brenden-aaronson-247361,
D,USA,Miles Robinson,73,high,https://www.fcratings.com/miles-robinson-237255,
D,USA,Tim Ream,72,high,https://www.fcratings.com/tim-ream-198261,
D,USA,Sebastian Berhalter,70,high,https://www.fcratings.com/sebastian-berhalter-255205,
D,USA,Cristian Roldan,75,high,https://www.fcratings.com/cristian-roldan-226807,
D,USA,Alex Freeman,73,high,https://www.fcratings.com/alex-freeman-267920,
D,USA,Malik Tillman,79,high,https://www.fcratings.com/malik-tillman-256853,
D,USA,Maximilian Arfsten,67,medium,https://www.fifaratings.com/maximilian-arfsten,
D,USA,Haji Wright,74,high,https://www.fcratings.com/haji-wright-238743,
D,USA,Folarin Balogun,79,high,https://www.fcratings.com/folarin-balogun-247463,
D,USA,Timothy Weah,77,high,https://www.fcratings.com/timothy-weah-241496,
D,USA,Mark McKenzie,74,high,https://www.fcratings.com/mark-mckenzie-242195,
D,USA,Joe Scally,75,high,https://www.fcratings.com/joe-scally-243133,
D,USA,Matt Freese,71,high,https://www.fcratings.com/matt-freese-247506,
D,USA,Chris Brady,69,high,https://www.fcratings.com/chris-brady-260982,
D,USA,Alejandro Zendejas,77,medium,https://www.fifacm.com/26/player/226579,
E,CIV,Yahia Fofana,76,high,https://www.ea.com/games/ea-sports-fc/ratings/player-ratings/yahia-fofana/242179,
E,CIV,Ousmane Diomande,80,high,https://www.ea.com/games/ea-sports-fc/ratings/player-ratings/ousmane-diomande/270531,
E,CIV,Ghislain Konan,72,high,https://www.ea.com/games/ea-sports-fc/ratings/player-ratings/ghislain-konan/235634,
E,CIV,Jean Michaël Seri,69,medium,https://www.fifacm.com/player/216451/jean-michael-seri/changelog,
E,CIV,Wilfried Singo,80,high,https://www.ea.com/games/ea-sports-fc/ratings/player-ratings/wilfried-singo/252802,
E,CIV,Seko Fofana,77,high,https://www.ea.com/games/ea-sports-fc/ratings/player-ratings/seko-fofana/216320,
E,CIV,Odilon Kossounou,80,high,https://www.ea.com/games/ea-sports-fc/ratings/player-ratings/odilon-kossounou/246875,
E,CIV,Franck Kessié,79,medium,https://www.fifacm.com/player/230938/franck-yannick-kessie/changelog,
E,CIV,Ange-Yoan Bonny,76,medium,https://www.ea.com/games/ea-sports-fc/ratings/player-ratings/yoan-bonny/259565,
E,CIV,Simon Adingra,76,high,https://www.ea.com/games/ea-sports-fc/ratings/player-ratings/simon-adingra/260779,
E,CIV,Yan Diomande,66,high,https://www.ea.com/games/ea-sports-fc/ratings/player-ratings/yan-diomande/78012,
E,CIV,Elye Wahi,75,medium,https://www.ea.com/games/ea-sports-fc/ratings/player-ratings/elye-wahi/260407,
E,CIV,Christopher Opéri,74,high,https://www.ea.com/games/ea-sports-fc/ratings/player-ratings/christopher-operi/236629,
E,CIV,Oumar Diakité,72,high,https://www.ea.com/games/ea-sports-fc/ratings/player-ratings/oumar-diakite/277178,
E,CIV,Amad Diallo,79,high,https://www.ea.com/games/ea-sports-fc/ratings/player-ratings/amad/254088,
E,CIV,Mohamed Koné,68,high,https://www.ea.com/games/ea-sports-fc/ratings/player-ratings/mohamed-kone/263922,
E,CIV,Guéla Doué,77,high,https://www.ea.com/games/ea-sports-fc/ratings/player-ratings/guela-doue/275208,
E,CIV,Ibrahim Sangaré,77,high,https://www.ea.com/games/ea-sports-fc/ratings/player-ratings/ibrahim-sangare/235173,
E,CIV,Nicolas Pépé,80,high,https://www.ea.com/games/ea-sports-fc/ratings/player-ratings/nicolas-pepe/226110,
E,CIV,Emmanuel Agbadou,79,high,https://www.ea.com/games/ea-sports-fc/ratings/player-ratings/emmanuel-agbadou/258575,
E,CIV,Evan Ndicka,81,high,https://www.ea.com/games/ea-sports-fc/ratings/player-ratings/evan-ndicka/236403,
E,CIV,Evann Guessand,79,high,https://www.ea.com/games/ea-sports-fc/ratings/player-ratings/evann-guessand/258444,
E,CIV,Alban Lafont,75,high,https://www.ea.com/games/ea-sports-fc/ratings/player-ratings/alban-lafont/231691,
E,CIV,Bazoumana Touré,70,high,https://www.ea.com/games/ea-sports-fc/ratings/player-ratings/bazoumana-toure/71418,
E,CIV,Parfait Guiagon,72,high,https://www.ea.com/games/ea-sports-fc/ratings/player-ratings/parfait-guiagon/277975,
E,CIV,Christ Inao Oulaï,70,medium,https://www.fifacm.com/26/player/74735,
E,CUW,Eloy Room,73,medium,https://www.fifacm.com/updates?nations=85&order=desc&page=1&sort=release_clause&teams=687&vid=295,
E,CUW,Shurandy Sambo,68,high,https://www.ea.com/games/ea-sports-fc/ratings/player-ratings/shurandy-sambo/260099,
E,CUW,Juriën Gaari,66,medium,https://www.fifacm.com/popular?nations=47&order=desc&page=1&sort=potential&teams=450&vid=348,
E,CUW,Roshon van Eijma,63,medium,https://www.fifacm.com/team/1905/rkc-waalwijk?vid=419,
E,CUW,Sherel Floranus,66,high,https://www.ea.com/games/ea-sports-fc/ratings/player-ratings/sherel-floranus/233098,
E,CUW,Godfried Roemeratoe,64,medium,https://www.fifacm.com/team/1905/rkc-waalwijk?vid=419,
E,CUW,Juninho Bacuna,69,high,https://www.ea.com/games/ea-sports-fc/ratings/player-ratings/juninho-bacuna/226677,
E,CUW,Livano Comenencia,62,high,https://www.ea.com/games/ea-sports-fc/ratings/player-ratings/livano-comenencia/275206,
E,CUW,Leandro Bacuna,67,medium,https://www.fifacm.com/players?order=asc&real_face=1&sort=value&teams=1915&vid=416,
E,CUW,Sontje Hansen,69,medium,https://www.ea.com/games/ea-sports-fc/ratings/player-ratings/sontje-hansen/254752,
E,CUW,Tyrese Noslin,67,medium,https://www.fifacm.com/player/79032?vid=428,
E,CUW,Ar'jany Martha,64,high,https://www.ea.com/games/ea-sports-fc/ratings/player-ratings/arjany-martha/264221,
E,CUW,Brandley Kuwas,67,high,https://www.ea.com/games/ea-sports-fc/ratings/player-ratings/brandley-kuwas/228666,
E,CUW,Armando Obispo,73,medium,https://www.ea.com/games/ea-sports-fc/ratings/player-ratings/armando-obispo/241171,
E,CUW,Tahith Chong,71,high,https://www.ea.com/games/ea-sports-fc/ratings/player-ratings/tahith-chong/233510,
E,CUW,Kevin Felida,63,medium,https://www.fifacm.com/players?nations=85&order=asc&page=1&sort=growth&teams=1905&vid=402,
E,CUW,Riechedly Bazoer,74,medium,https://www.ea.com/games/ea-sports-fc/ratings/player-ratings/riechedly-bazoer/212269,
E,ECU,Hernán Galíndez,74,high,https://www.ea.com/games/ea-sports-fc/ratings/player-ratings/hernan-galindez/253354,
E,ECU,Félix Torres,72,medium,https://www.fifacm.com/added?nations=57&order=asc&page=1&sort=age&vid=375,
E,ECU,Piero Hincapié,83,high,https://www.ea.com/games/ea-sports-fc/ratings/player-ratings/piero-hincapie/256197,
E,ECU,Joel Ordóñez,75,high,https://www.ea.com/games/ea-sports-fc/ratings/player-ratings/joel-ordonez/268611,
E,ECU,Jordy Alcívar,68,high,https://www.ea.com/games/ea-sports-fc/ratings/player-ratings/jordy-alcivar/254039,
E,ECU,Willian Pacho,86,high,https://www.ea.com/games/ea-sports-fc/ratings/player-ratings/willian-pacho/256196,
E,ECU,Pervis Estupiñán,79,high,https://www.ea.com/games/ea-sports-fc/ratings/player-ratings/pervis-estupinan/237942,
E,ECU,Anthony Valencia,67,high,https://www.ea.com/games/ea-sports-fc/ratings/player-ratings/anthony-valencia/256199,
E,ECU,John Yeboah,70,high,https://www.ea.com/games/ea-sports-fc/ratings/player-ratings/john-yeboah/242755,
E,ECU,Kendry Páez,73,high,https://www.ea.com/games/ea-sports-fc/ratings/player-ratings/kendry-paez/274559,
E,ECU,Kevin Rodríguez,67,high,https://www.ea.com/games/ea-sports-fc/ratings/player-ratings/kevin-rodriguez/272569,
E,ECU,Moisés Ramírez,70,medium,https://www.fifacm.com/player/256161/moises-ramirez,
E,ECU,Enner Valencia,75,medium,https://www.fifacm.com/players/free-agents?nations=57&page=1,
E,ECU,Alan Minda,70,high,https://www.ea.com/games/ea-sports-fc/ratings/player-ratings/alan-minda/263397,
E,ECU,Pedro Vite,73,medium,https://www.fifacm.com/players/free-agents?nations=57&page=1,
E,ECU,Jordy Caicedo,66,high,https://www.ea.com/games/ea-sports-fc/ratings/player-ratings/jordy-caicedo/268508,
E,ECU,Ángelo Preciado,75,high,https://www.ea.com/games/ea-sports-fc/ratings/player-ratings/angelo-preciado/246055,
E,ECU,Denil Castillo,67,high,https://www.ea.com/games/ea-sports-fc/ratings/player-ratings/denil-castillo/277197,
E,ECU,Gonzalo Plata,78,medium,https://www.fifacm.com/players/free-agents?nations=57&page=1,
E,ECU,Nilson Angulo,67,high,https://www.ea.com/games/ea-sports-fc/ratings/player-ratings/nilson-angulo/264205,
E,ECU,Alan Franco,70,medium,https://www.fifacm.com/players?nations=57&order=desc&page=1&position=CB&sort=age&vid=373,
E,ECU,Gonzalo Valle,70,high,https://www.ea.com/games/ea-sports-fc/ratings/player-ratings/gonzalo-valle/259904,
E,ECU,Moisés Caicedo,87,high,https://www.ea.com/games/ea-sports-fc/ratings/player-ratings/moises-caicedo/256079,
E,ECU,Jeremy Arévalo,62,medium,https://www.ea.com/games/ea-sports-fc/ratings/player-ratings/jeremy/277742,
E,ECU,Jackson Porozo,71,medium,https://www.fifacm.com/players?nations=57&order=desc&page=1&sort=potential&vid=387,
E,ECU,Yaimar Medina,70,high,https://www.ea.com/games/ea-sports-fc/ratings/player-ratings/yaimar-medina/271417,
E,GER,Manuel Neuer,84,high,https://www.ea.com/games/ea-sports-fc/ratings/player-ratings/manuel-neuer/167495,
E,GER,Antonio Rüdiger,86,high,https://www.ea.com/games/ea-sports-fc/ratings/player-ratings/antonio-rudiger/205452,
E,GER,Waldemar Anton,82,high,https://www.ea.com/games/ea-sports-fc/ratings/player-ratings/waldemar-anton/229476,
E,GER,Jonathan Tah,87,high,https://www.ea.com/games/ea-sports-fc/ratings/player-ratings/jonathan-tah/213331,
E,GER,Aleksandar Pavlović,79,high,https://www.ea.com/games/ea-sports-fc/ratings/player-ratings/aleksandar-pavlovic/275298,
E,GER,Joshua Kimmich,89,high,https://www.ea.com/games/ea-sports-fc/ratings/player-ratings/joshua-kimmich/212622,
E,GER,Kai Havertz,82,high,https://www.ea.com/games/ea-sports-fc/ratings/player-ratings/kai-havertz/235790,
E,GER,Leon Goretzka,82,high,https://www.ea.com/games/ea-sports-fc/ratings/player-ratings/leon-goretzka/209658,
E,GER,Jamie Leweling,75,high,https://www.ea.com/games/ea-sports-fc/ratings/player-ratings/jamie-leweling/252448,
E,GER,Jamal Musiala,88,high,https://www.ea.com/games/ea-sports-fc/ratings/player-ratings/jamal-musiala/256790,
E,GER,Nick Woltemade,79,high,https://www.ea.com/games/ea-sports-fc/ratings/player-ratings/nick-woltemade/254022,
E,GER,Oliver Baumann,83,high,https://www.ea.com/games/ea-sports-fc/ratings/player-ratings/oliver-baumann/193698,
E,GER,Pascal Groß,80,high,https://www.ea.com/games/ea-sports-fc/ratings/player-ratings/pascal-gro/190765,
E,GER,Maximilian Beier,79,high,https://www.ea.com/games/ea-sports-fc/ratings/player-ratings/maximilian-beier/254117,
E,GER,Nico Schlotterbeck,85,high,https://www.ea.com/games/ea-sports-fc/ratings/player-ratings/nico-schlotterbeck/247819,
E,GER,Angelo Stiller,83,high,https://www.ea.com/games/ea-sports-fc/ratings/player-ratings/angelo-stiller/250959,
E,GER,Florian Wirtz,89,high,https://www.ea.com/games/ea-sports-fc/ratings/player-ratings/florian-wirtz/256630,
E,GER,Nathaniel Brown,77,high,https://www.ea.com/games/ea-sports-fc/ratings/player-ratings/nathaniel-brown/269701,
E,GER,Leroy Sané,82,high,https://www.ea.com/games/ea-sports-fc/ratings/player-ratings/leroy-sane/222492,
E,GER,Nadiem Amiri,81,high,https://www.ea.com/games/ea-sports-fc/ratings/player-ratings/nadiem-amiri/225309,
E,GER,Alexander Nübel,81,high,https://www.ea.com/games/ea-sports-fc/ratings/player-ratings/alexander-nubel/223885,
E,GER,David Raum,82,high,https://www.ea.com/games/ea-sports-fc/ratings/player-ratings/david-raum/236703,
E,GER,Felix Nmecha,82,high,https://www.ea.com/games/ea-sports-fc/ratings/player-ratings/felix-nmecha/246863,
E,GER,Malick Thiaw,78,high,https://www.ea.com/games/ea-sports-fc/ratings/player-ratings/malick-thiaw/256261,
E,GER,Lennart Karl,63,high,https://www.ea.com/games/ea-sports-fc/ratings/player-ratings/lennart-karl/78063,
E,GER,Deniz Undav,80,high,https://www.ea.com/games/ea-sports-fc/ratings/player-ratings/deniz-undav/244176,
F,JPN,Zion Suzuki,71,high,https://www.ea.com/en/games/ea-sports-fc/ratings/player-ratings/zion-suzuki/255981,
F,JPN,Yukinari Sugawara,77,high,https://www.ea.com/en/games/ea-sports-fc/ratings/player-ratings/yukinari-sugawara/242916,
F,JPN,Shōgo Taniguchi,72,high,https://www.ea.com/en/games/ea-sports-fc/ratings/player-ratings/shogo-taniguchi/233225,
F,JPN,Kō Itakura,76,high,https://www.ea.com/en/games/ea-sports-fc/ratings/player-ratings/ko-itakura/233152,
F,JPN,Wataru Endo,80,high,https://www.ea.com/en/games/ea-sports-fc/ratings/player-ratings/wataru-endo/232487,
F,JPN,Ao Tanaka,73,high,https://www.ea.com/en/games/ea-sports-fc/ratings/player-ratings/ao-tanaka/236764,
F,JPN,Takefusa Kubo,81,high,https://www.ea.com/en/games/ea-sports-fc/ratings/player-ratings/takefusa-kubo/237681,
F,JPN,Keisuke Gotō,64,medium,https://fifaindex.com/ja/players/76570-keisuke-goto,
F,JPN,Ritsu Dōan,78,high,https://www.ea.com/en/games/ea-sports-fc/ratings/player-ratings/ritsu-doan/232639,
F,JPN,Daizen Maeda,74,high,https://www.ea.com/en/games/ea-sports-fc/ratings/player-ratings/daizen-maeda/246321,
F,JPN,Keito Nakamura,74,high,https://www.ea.com/en/games/ea-sports-fc/ratings/player-ratings/keito-nakamura/242914,
F,JPN,Junya Itō,78,high,https://www.ea.com/en/games/ea-sports-fc/ratings/player-ratings/junya-ito/232905,
F,JPN,Daichi Kamada,81,high,https://www.ea.com/en/games/ea-sports-fc/ratings/player-ratings/daichi-kamada/232730,
F,JPN,Tsuyoshi Watanabe,74,high,https://www.ea.com/en/games/ea-sports-fc/ratings/player-ratings/tsuyoshi-watanabe/246826,
F,JPN,Yuito Suzuki,68,high,https://www.ea.com/en/games/ea-sports-fc/ratings/player-ratings/yuito-suzuki/255185,
F,JPN,Ayase Ueda,74,high,https://www.ea.com/en/games/ea-sports-fc/ratings/player-ratings/ayase-ueda/252162,
F,JPN,Kōki Ogawa,69,high,https://www.ea.com/en/games/ea-sports-fc/ratings/player-ratings/koki-ogawa/232829,
F,JPN,Ayumu Seko,66,high,https://www.ea.com/en/games/ea-sports-fc/ratings/player-ratings/ayumu-seko/247264,
F,JPN,Hiroki Itō,79,high,https://www.ea.com/en/games/ea-sports-fc/ratings/player-ratings/hiroki-ito/234205,
F,JPN,Takehiro Tomiyasu,78,high,https://www.ea.com/en/games/ea-sports-fc/ratings/player-ratings/takehiro-tomiyasu/232938,
F,JPN,Kaishū Sano,68,high,https://www.ea.com/en/games/ea-sports-fc/ratings/player-ratings/kaishu-sano/73078,
F,NED,Bart Verbruggen,76,high,https://www.ea.com/en/games/ea-sports-fc/ratings/player-ratings/bart-verbruggen/258498,
F,NED,Jurriën Timber,79,high,https://www.ea.com/en/games/ea-sports-fc/ratings/player-ratings/jurrien-timber/251805,
F,NED,Marten de Roon,79,high,https://www.ea.com/en/games/ea-sports-fc/ratings/player-ratings/marten-de-roon/208461,
F,NED,Virgil van Dijk,89,high,https://www.ea.com/en/games/ea-sports-fc/ratings/player-ratings/virgil-van-dijk/203376,
F,NED,Nathan Aké,84,high,https://www.ea.com/en/games/ea-sports-fc/ratings/player-ratings/nathan-ake/208920,
F,NED,Jan Paul van Hecke,76,high,https://www.ea.com/en/games/ea-sports-fc/ratings/player-ratings/jan-paul-van-hecke/258908,
F,NED,Justin Kluivert,77,high,https://www.ea.com/en/games/ea-sports-fc/ratings/player-ratings/justin-kluivert/236920,
F,NED,Ryan Gravenberch,78,high,https://www.ea.com/en/games/ea-sports-fc/ratings/player-ratings/ryan-gravenberch/246104,
F,NED,Wout Weghorst,77,high,https://www.ea.com/en/games/ea-sports-fc/ratings/player-ratings/wout-weghorst/223689,
F,NED,Memphis Depay,81,medium,https://sofifa.com/player/202556/memphis-depay/?hl=en-US,
F,NED,Cody Gakpo,83,high,https://www.ea.com/en/games/ea-sports-fc/ratings/player-ratings/cody-gakpo/242516,
F,NED,Mats Wieffer,80,high,https://www.ea.com/en/games/ea-sports-fc/ratings/player-ratings/mats-wieffer/248793,
F,NED,Robin Roefs,66,high,https://www.ea.com/en/games/ea-sports-fc/ratings/player-ratings/robin-roefs/263798,
F,NED,Tijjani Reijnders,82,high,https://www.ea.com/en/games/ea-sports-fc/ratings/player-ratings/tijjani-reijnders/240638,
F,NED,Micky van de Ven,82,high,https://www.ea.com/en/games/ea-sports-fc/ratings/player-ratings/micky-van-de-ven/264453,
F,NED,Guus Til,75,high,https://www.ea.com/en/games/ea-sports-fc/ratings/player-ratings/guus-til/235663,
F,NED,Noa Lang,79,high,https://www.ea.com/en/games/ea-sports-fc/ratings/player-ratings/noa-lang/239380,
F,NED,Donyell Malen,83,high,https://www.ea.com/en/games/ea-sports-fc/ratings/player-ratings/donyell-malen/231447,
F,NED,Brian Brobbey,79,high,https://www.ea.com/en/games/ea-sports-fc/ratings/player-ratings/brian-brobbey/251810,
F,NED,Teun Koopmeiners,83,high,https://www.ea.com/en/games/ea-sports-fc/ratings/player-ratings/teun-koopmeiners/240679,
F,NED,Frenkie de Jong,87,high,https://www.ea.com/en/games/ea-sports-fc/ratings/player-ratings/frenkie-de-jong/228702,
F,NED,Denzel Dumfries,82,high,https://www.ea.com/en/games/ea-sports-fc/ratings/player-ratings/denzel-dumfries/233096,
F,NED,Mark Flekken,79,high,https://www.ea.com/en/games/ea-sports-fc/ratings/player-ratings/mark-flekken/211738,
F,NED,Crysencio Summerville,76,high,https://www.ea.com/en/games/ea-sports-fc/ratings/player-ratings/crysencio-summerville/251954,
F,NED,Jorrel Hato,73,high,https://www.ea.com/en/games/ea-sports-fc/ratings/player-ratings/jorrel-hato/272978,
F,NED,Quinten Timber,79,high,https://www.ea.com/en/games/ea-sports-fc/ratings/player-ratings/quinten-timber/251806,
F,SWE,Jacob Widell Zetterström,71,high,https://www.ea.com/en/games/ea-sports-fc/ratings/player-ratings/jacob-widell-zetterstrom/247022,
F,SWE,Gustaf Lagerbielke,67,high,https://www.ea.com/en/games/ea-sports-fc/ratings/player-ratings/gustaf-lagerbielke/264191,
F,SWE,Victor Lindelöf,78,high,https://www.ea.com/en/games/ea-sports-fc/ratings/player-ratings/victor-lindelof/221660,
F,SWE,Isak Hien,78,high,https://www.ea.com/en/games/ea-sports-fc/ratings/player-ratings/isak-hien/260697,
F,SWE,Gabriel Gudmundsson,74,high,https://www.ea.com/en/games/ea-sports-fc/ratings/player-ratings/gabriel-gudmundsson/236822,
F,SWE,Herman Johansson,63,high,https://www.ea.com/en/games/ea-sports-fc/ratings/player-ratings/herman-johansson/261028,
F,SWE,Lucas Bergvall,68,high,https://www.ea.com/en/games/ea-sports-fc/ratings/player-ratings/lucas-bergvall/272926,
F,SWE,Daniel Svensson,70,high,https://www.ea.com/en/games/ea-sports-fc/ratings/player-ratings/daniel-svensson/259716,
F,SWE,Alexander Isak,85,high,https://www.ea.com/en/games/ea-sports-fc/ratings/player-ratings/alexander-isak/233731,
F,SWE,Benjamin Nygren,68,high,https://www.ea.com/en/games/ea-sports-fc/ratings/player-ratings/benjamin-nygren/243646,
F,SWE,Anthony Elanga,76,high,https://www.ea.com/en/games/ea-sports-fc/ratings/player-ratings/anthony-elanga/257470,
F,SWE,Viktor Johansson,74,high,https://www.ea.com/en/games/ea-sports-fc/ratings/player-ratings/viktor-johansson/241643,
F,SWE,Ken Sema,70,high,https://www.ea.com/en/games/ea-sports-fc/ratings/player-ratings/ken-sema/213750,
F,SWE,Hjalmar Ekdal,72,high,https://www.ea.com/en/games/ea-sports-fc/ratings/player-ratings/hjalmar-ekdal/252316,
F,SWE,Carl Starfelt,74,high,https://www.ea.com/en/games/ea-sports-fc/ratings/player-ratings/carl-starfelt/220821,
F,SWE,Jesper Karlström,70,high,https://www.ea.com/en/games/ea-sports-fc/ratings/player-ratings/jesper-karlstrom/214658,
F,SWE,Viktor Gyökeres,84,high,https://www.ea.com/en/games/ea-sports-fc/ratings/player-ratings/viktor-gyokeres/241651,
F,SWE,Yasin Ayari,66,high,https://www.ea.com/en/games/ea-sports-fc/ratings/player-ratings/yasin-ayari/257400,
F,SWE,Mattias Svanberg,77,high,https://www.ea.com/en/games/ea-sports-fc/ratings/player-ratings/mattias-svanberg/228946,
F,SWE,Eric Smith,73,high,https://www.ea.com/en/games/ea-sports-fc/ratings/player-ratings/eric-smith/222369,
F,SWE,Alexander Bernhardsson,68,high,https://www.ea.com/en/games/ea-sports-fc/ratings/player-ratings/alexander-bernhardsson/255459,
F,SWE,Besfort Zeneli,58,high,https://www.ea.com/en/games/ea-sports-fc/ratings/player-ratings/besfort-zeneli/270919,
F,SWE,Kristoffer Nordfeldt,68,high,https://www.ea.com/en/games/ea-sports-fc/ratings/player-ratings/kristoffer-nordfeldt/192129,
F,SWE,Elliot Stroud,65,high,https://www.ea.com/en/games/ea-sports-fc/ratings/player-ratings/elliot-stroud/272712,
F,SWE,Gustaf Nilsson,73,high,https://www.ea.com/en/games/ea-sports-fc/ratings/player-ratings/gustaf-nilsson/223933,
F,SWE,Taha Ali,69,medium,https://fifaindex.com/players/260972-taha-ali,
F,TUN,Ali Abdi,71,high,https://www.ea.com/en/games/ea-sports-fc/ratings/player-ratings/ali-abdi/252711,
F,TUN,Montassar Talbi,73,high,https://www.ea.com/en/games/ea-sports-fc/ratings/player-ratings/montassar-talbi/245410,
F,TUN,Omar Rekik,64,high,https://www.ea.com/en/games/ea-sports-fc/ratings/player-ratings/omar-rekik/258033,
F,TUN,Dylan Bronn,70,high,https://www.ea.com/en/games/ea-sports-fc/ratings/player-ratings/dylan-bronn/235565,
F,TUN,Elias Achouri,73,high,https://www.ea.com/en/games/ea-sports-fc/ratings/player-ratings/elias-achouri/263672,
F,TUN,Elias Saad,71,high,https://www.ea.com/en/games/ea-sports-fc/ratings/player-ratings/elias-saad/274000,
F,TUN,Hannibal Mejbri,69,high,https://www.ea.com/en/games/ea-sports-fc/ratings/player-ratings/hannibal-mejbri/258171,
F,TUN,Ismaël Gharbi,68,high,https://www.ea.com/en/games/ea-sports-fc/ratings/player-ratings/ismael-gharbi/263194,
F,TUN,Mortadha Ben Ouanes,69,high,https://www.ea.com/en/games/ea-sports-fc/ratings/player-ratings/mortadha-ben-ouanes/263432,
F,TUN,Rani Khedira,75,high,https://www.ea.com/en/games/ea-sports-fc/ratings/player-ratings/rani-khedira/211999,
F,TUN,Hadj Mahmoud,65,medium,https://www.ea.com/en/games/ea-sports-fc/ratings/player-ratings/mohamed-belhadj-mahmoud/264705,
F,TUN,Ellyes Skhiri,81,high,https://www.ea.com/en/games/ea-sports-fc/ratings/player-ratings/ellyes-skhiri/225126,
F,TUN,Yan Valery,71,high,https://www.ea.com/en/games/ea-sports-fc/ratings/player-ratings/yan-valery/236316,
F,TUN,Moutaz Neffati,58,high,https://www.ea.com/en/games/ea-sports-fc/ratings/player-ratings/moutaz-neffati/279056,
F,TUN,Anis Ben Slimane,67,medium,https://sofifa.com/player/255210/anis-slimane/?hl=en-US,
F,TUN,Sebastian Tounekti,62,high,https://www.ea.com/en/games/ea-sports-fc/ratings/player-ratings/sebastian-tounekti/256383,
G,BEL,Thibaut Courtois,89,0.98,https://www.ea.com/games/ea-sports-fc/ratings/player-ratings/thibaut-courtois/192119,
G,BEL,Zeno Debast,78,0.98,https://www.ea.com/games/ea-sports-fc/ratings/player-ratings/zeno-debast/254262,
G,BEL,Arthur Theate,80,0.98,https://www.ea.com/games/ea-sports-fc/ratings/player-ratings/arthur-theate/257278,
G,BEL,Brandon Mechele,76,0.98,https://www.ea.com/games/ea-sports-fc/ratings/player-ratings/brandon-mechele/212204,
G,BEL,Maxim De Cuyper,80,0.98,https://www.ea.com/games/ea-sports-fc/ratings/player-ratings/maxim-de-cuyper/251479,
G,BEL,Axel Witsel,77,0.98,https://www.ea.com/games/ea-sports-fc/ratings/player-ratings/axel-witsel/177413,
G,BEL,Kevin De Bruyne,87,0.98,https://www.ea.com/games/ea-sports-fc/ratings/player-ratings/kevin-de-bruyne/192985,
G,BEL,Youri Tielemans,85,0.98,https://www.ea.com/games/ea-sports-fc/ratings/player-ratings/youri-tielemans/216393,
G,BEL,Romelu Lukaku,84,0.98,https://www.ea.com/games/ea-sports-fc/ratings/player-ratings/romelu-lukaku/192505,
G,BEL,Leandro Trossard,83,0.98,https://www.ea.com/games/ea-sports-fc/ratings/player-ratings/leandro-trossard/207421,
G,BEL,Jérémy Doku,80,0.98,https://www.ea.com/games/ea-sports-fc/ratings/player-ratings/jeremy-doku/246420,
G,BEL,Senne Lammens,78,0.98,https://www.ea.com/games/ea-sports-fc/ratings/player-ratings/senne-lammens/254803,
G,BEL,Mike Penders,73,0.98,https://www.ea.com/games/ea-sports-fc/ratings/player-ratings/mike-penders/270821,
G,BEL,Dodi Lukébakio,82,0.98,https://www.ea.com/games/ea-sports-fc/ratings/player-ratings/dodi-lukebakio/231416,
G,BEL,Thomas Meunier,76,0.98,https://www.ea.com/games/ea-sports-fc/ratings/player-ratings/thomas-meunier/202371,
G,BEL,Koni De Winter,74,0.98,https://www.ea.com/games/ea-sports-fc/ratings/player-ratings/koni-de-winter/265774,
G,BEL,Charles De Ketelaere,82,0.98,https://www.ea.com/games/ea-sports-fc/ratings/player-ratings/charles-de-ketelaere/251470,
G,BEL,Joaquin Seys,72,0.98,https://www.ea.com/games/ea-sports-fc/ratings/player-ratings/joaquin-seys/71305,
G,BEL,Diego Moreira,77,0.98,https://www.ea.com/games/ea-sports-fc/ratings/player-ratings/diego-moreira/270039,
G,BEL,Hans Vanaken,80,0.98,https://www.ea.com/games/ea-sports-fc/ratings/player-ratings/hans-vanaken/200155,
G,BEL,Timothy Castagne,76,0.98,https://www.ea.com/games/ea-sports-fc/ratings/player-ratings/timothy-castagne/222501,
G,BEL,Alexis Saelemaekers,79,0.98,https://www.ea.com/games/ea-sports-fc/ratings/player-ratings/alexis-saelemaekers/242664,
G,BEL,Nicolas Raskin,77,0.98,https://www.ea.com/games/ea-sports-fc/ratings/player-ratings/nicolas-raskin/239810,
G,BEL,Amadou Onana,79,0.98,https://www.ea.com/games/ea-sports-fc/ratings/player-ratings/amadou-onana/257057,
G,BEL,Nathan Ngoy,67,0.98,https://www.ea.com/en/games/ea-sports-fc/ratings/player-ratings/nathan-ngoy/262071,
G,BEL,Matias Fernandez-Pardo,75,0.98,https://www.ea.com/en/games/ea-sports-fc/ratings/player-ratings/matias-fernandez-pardo/276048,
G,EGY,Ramy Rabia,67,0.98,https://www.ea.com/games/ea-sports-fc/ratings/player-ratings/ramy-rabia/220380,
G,EGY,Mohamed Abdelmonem,74,0.98,https://www.ea.com/games/ea-sports-fc/ratings/player-ratings/mohamed-abdelmonem/269164,
G,EGY,Trézéguet,75,0.7,https://www.cmtrackernet.com/players/233715/mahmoud-trezeguet,
G,EGY,Mohamed Salah,91,0.98,https://www.ea.com/games/ea-sports-fc/ratings/player-ratings/mohamed-salah/209331,
G,EGY,Ibrahim Adel,69,0.78,https://www.fifacm.com/player/265121/ibrahim-adel,
G,EGY,Omar Marmoush,84,0.98,https://www.ea.com/games/ea-sports-fc/ratings/player-ratings/omar-marmoush/256675,
G,IRN,Alireza Jahanbakhsh,69,0.78,https://www.fifacm.com/player/215871/alireza-jahanbakhsh,
G,IRN,Mehdi Taremi,78,0.98,https://www.ea.com/games/ea-sports-fc/ratings/player-ratings/mehdi-taremi/241788,
G,IRN,Dennis Eckert,73,0.72,https://www.fifplay.com/fc-26/players/277243/dennis-eckert/,
G,NZL,Max Crocombe,65,0.98,https://www.ea.com/games/ea-sports-fc/ratings/player-ratings/max-crocombe/206566,
G,NZL,Tim Payne,64,0.98,https://www.ea.com/games/ea-sports-fc/ratings/player-ratings/tim-payne/209361,
G,NZL,Francis de Vries,69,0.98,https://www.ea.com/games/ea-sports-fc/ratings/player-ratings/francis-de-vries/237268,
G,NZL,Tyler Bindon,69,0.98,https://www.ea.com/games/ea-sports-fc/ratings/player-ratings/tyler-bindon/277552,
G,NZL,Michael Boxall,69,0.98,https://www.ea.com/games/ea-sports-fc/ratings/player-ratings/michael-boxall/202170,
G,NZL,Joe Bell,74,0.98,https://www.ea.com/games/ea-sports-fc/ratings/player-ratings/joe-bell/254142,
G,NZL,Matthew Garbett,65,0.98,https://www.ea.com/games/ea-sports-fc/ratings/player-ratings/matthew-garbett/255360,
G,NZL,Marko Stamenić,71,0.98,https://www.ea.com/games/ea-sports-fc/ratings/player-ratings/marko-stamenic/259680,
G,NZL,Chris Wood,82,0.98,https://www.ea.com/games/ea-sports-fc/ratings/player-ratings/chris-wood/192123,
G,NZL,Sarpreet Singh,68,0.78,https://www.fifacm.com/player/232669/sarpreet-singh,
G,NZL,Elijah Just,66,0.98,https://www.ea.com/games/ea-sports-fc/ratings/player-ratings/elijah-just/254136,
G,NZL,Alex Paulsen,71,0.98,https://www.ea.com/games/ea-sports-fc/ratings/player-ratings/alex-paulsen/263851,
G,NZL,Liberato Cacace,72,0.98,https://www.ea.com/games/ea-sports-fc/ratings/player-ratings/liberato-cacace/242429,
G,NZL,Alex Rufer,67,0.98,https://www.ea.com/games/ea-sports-fc/ratings/player-ratings/alex-rufer/219392,
G,NZL,Nando Pijnaker,67,0.98,https://www.ea.com/games/ea-sports-fc/ratings/player-ratings/nando-pijnaker/254143,
G,NZL,Finn Surman,68,0.98,https://www.ea.com/games/ea-sports-fc/ratings/player-ratings/finn-surman/266150,
G,NZL,Kosta Barbarouses,68,0.98,https://www.ea.com/games/ea-sports-fc/ratings/player-ratings/kosta-barbarouses/182091,
G,NZL,Ben Waine,62,0.98,https://www.ea.com/games/ea-sports-fc/ratings/player-ratings/ben-waine/245539,
G,NZL,Ben Old,68,0.98,https://www.ea.com/games/ea-sports-fc/ratings/player-ratings/ben-old/262289,
G,NZL,Callum McCowatt,67,0.98,https://www.ea.com/games/ea-sports-fc/ratings/player-ratings/callum-mc-cowatt/243666,
G,NZL,Jesse Randall,60,0.98,https://www.ea.com/games/ea-sports-fc/ratings/player-ratings/jesse-randall/73092,
G,NZL,Michael Woud,60,0.98,https://www.ea.com/games/ea-sports-fc/ratings/player-ratings/michael-woud/235860,
G,NZL,Ryan Thomas,66,0.98,https://www.ea.com/games/ea-sports-fc/ratings/player-ratings/ryan-thomas/220763,
G,NZL,Callan Elliot,62,0.98,https://www.ea.com/games/ea-sports-fc/ratings/player-ratings/callan-elliot/246195,
G,NZL,Lachlan Bayliss,62,0.98,https://www.ea.com/games/ea-sports-fc/ratings/player-ratings/lachlan-bayliss/276249,
H,CPV,Roberto Lopes,66,high,https://www.ea.com/en/games/ea-sports-fc/ratings/player-ratings/roberto-lopes/202014,
H,CPV,Logan Costa,77,high,https://www.ea.com/en/games/ea-sports-fc/ratings/player-ratings/logan-costa/243923,
H,CPV,Jovane Cabral,70,high,https://www.ea.com/en/games/ea-sports-fc/ratings/player-ratings/jovane-cabral/244193,
H,CPV,Jamiro Monteiro,69,high,https://www.ea.com/en/games/ea-sports-fc/ratings/player-ratings/jamiro-monteiro/231150,
H,CPV,Telmo Arcanjo,71,high,https://www.ea.com/en/games/ea-sports-fc/ratings/player-ratings/telmo-arcanjo/257194,
H,CPV,Dailon Livramento,70,high,https://www.ea.com/en/games/ea-sports-fc/ratings/player-ratings/dailon-livramento/73853,
H,CPV,Ryan Mendes,71,high,https://www.ea.com/en/games/ea-sports-fc/ratings/player-ratings/ryan-mendes/194847,
H,CPV,Nuno da Costa,74,high,https://www.ea.com/en/games/ea-sports-fc/ratings/player-ratings/nuno-da-costa/230857,
H,CPV,Steven Moreira,72,high,https://www.ea.com/en/games/ea-sports-fc/ratings/player-ratings/steven-moreira/212401,
H,CPV,Wagner Pina,71,high,https://www.ea.com/en/games/ea-sports-fc/ratings/player-ratings/wagner-pina/276909,
H,ESP,David Raya,87,high,https://www.ea.com/en/games/ea-sports-fc/ratings/player-ratings/david-raya/220901,
H,ESP,Marc Pubill,73,high,https://www.ea.com/en/games/ea-sports-fc/ratings/player-ratings/pubill/266039,
H,ESP,Álex Grimaldo,84,high,https://www.ea.com/en/games/ea-sports-fc/ratings/player-ratings/grimaldo/210035,
H,ESP,Eric García,79,high,https://www.ea.com/en/games/ea-sports-fc/ratings/player-ratings/eric-garcia/245037,
H,ESP,Marcos Llorente,84,high,https://www.ea.com/en/games/ea-sports-fc/ratings/player-ratings/marcos-llorente/226161,
H,ESP,Mikel Merino,83,high,https://www.ea.com/en/games/ea-sports-fc/ratings/player-ratings/mikel-merino/225193,
H,ESP,Ferran Torres,83,high,https://www.ea.com/en/games/ea-sports-fc/ratings/player-ratings/ferran-torres/241461,
H,ESP,Fabián Ruiz,85,high,https://www.ea.com/en/games/ea-sports-fc/ratings/player-ratings/fabian-ruiz/226271,
H,ESP,Gavi,83,high,https://www.ea.com/en/games/ea-sports-fc/ratings/player-ratings/gavi/264240,
H,ESP,Dani Olmo,85,high,https://www.ea.com/en/games/ea-sports-fc/ratings/player-ratings/dani-olmo/244260,
H,ESP,Yéremy Pino,80,high,https://www.ea.com/en/games/ea-sports-fc/ratings/player-ratings/yeremy-pino/259377,
H,ESP,Pedro Porro,82,high,https://www.ea.com/en/games/ea-sports-fc/ratings/player-ratings/pedro-porro/243576,
H,ESP,Joan Garcia,83,high,https://www.ea.com/en/games/ea-sports-fc/ratings/player-ratings/joan-garcia/259532,
H,ESP,Aymeric Laporte,82,high,https://www.ea.com/en/games/ea-sports-fc/ratings/player-ratings/aymeric-laporte/212218,
H,ESP,Álex Baena,84,high,https://www.ea.com/en/games/ea-sports-fc/ratings/player-ratings/alex-baena/257279,
H,ESP,Rodri,90,high,https://www.ea.com/en/games/ea-sports-fc/ratings/player-ratings/rodri/231866,
H,ESP,Nico Williams,86,high,https://www.ea.com/en/games/ea-sports-fc/ratings/player-ratings/nico-williams/256516,
H,ESP,Martín Zubimendi,83,high,https://www.ea.com/en/games/ea-sports-fc/ratings/player-ratings/zubimendi/248148,
H,ESP,Lamine Yamal,89,high,https://www.ea.com/en/games/ea-sports-fc/ratings/player-ratings/lamine-yamal/277643,
H,ESP,Pedri,89,high,https://www.ea.com/en/games/ea-sports-fc/ratings/player-ratings/pedri/251854,
H,ESP,Mikel Oyarzabal,82,high,https://www.ea.com/en/games/ea-sports-fc/ratings/player-ratings/oyarzabal/230142,
H,ESP,Pau Cubarsí,82,high,https://www.ea.com/en/games/ea-sports-fc/ratings/player-ratings/pau-cubarsi/278046,
H,ESP,Unai Simón,85,high,https://www.ea.com/en/games/ea-sports-fc/ratings/player-ratings/unai-simon/230869,
H,ESP,Marc Cucurella,84,high,https://www.ea.com/en/games/ea-sports-fc/ratings/player-ratings/marc-cucurella/239231,
H,ESP,Víctor Muñoz,65,high,https://www.ea.com/en/games/ea-sports-fc/ratings/player-ratings/victor-munoz/76042,
H,ESP,Borja Iglesias,80,high,https://www.ea.com/en/games/ea-sports-fc/ratings/player-ratings/borja-iglesias/224179,
H,KSA,Nawaf Al-Aqidi,72,high,https://www.ea.com/en/games/ea-sports-fc/ratings/player-ratings/nawaf-al-aqidi/255368,
H,KSA,Ali Majrashi,70,high,https://www.ea.com/en/games/ea-sports-fc/ratings/player-ratings/ali-majrashi/242506,
H,KSA,Ali Lajami,70,high,https://www.ea.com/en/games/ea-sports-fc/ratings/player-ratings/ali-lajami/228783,
H,KSA,Abdulelah Al-Amri,70,high,https://www.ea.com/en/games/ea-sports-fc/ratings/player-ratings/abdulelah-al-amri/241197,
H,KSA,Hassan Al-Tambakti,72,high,https://www.ea.com/en/games/ea-sports-fc/ratings/player-ratings/hassan-tombakti/245751,
H,KSA,Nasser Al-Dawsari,68,high,https://www.ea.com/en/games/ea-sports-fc/ratings/player-ratings/nasser-al-dawsari/241938,
H,KSA,Musab Al-Juwayr,75,high,https://www.ea.com/en/games/ea-sports-fc/ratings/player-ratings/musab-al-juwair/263824,
H,KSA,Ayman Yahya,68,high,https://www.ea.com/en/games/ea-sports-fc/ratings/player-ratings/ayman-yahya/253440,
H,KSA,Firas Al-Buraikan,75,high,https://www.ea.com/en/games/ea-sports-fc/ratings/player-ratings/firas-al-birekan/238545,
H,KSA,Salem Al-Dawsari,82,high,https://www.ea.com/en/games/ea-sports-fc/ratings/player-ratings/salem-al-dawsari/210602,
H,KSA,Saleh Al-Shehri,69,high,https://www.ea.com/en/games/ea-sports-fc/ratings/player-ratings/saleh-al-shehri/211173,
H,KSA,Saud Abdulhamid,75,high,https://www.ea.com/en/games/ea-sports-fc/ratings/player-ratings/saud-abdulhamid/246688,
H,KSA,Nawaf Boushal,67,high,https://www.ea.com/en/games/ea-sports-fc/ratings/player-ratings/nawaf-boushal/254685,
H,KSA,Hassan Kadesh,71,high,https://www.ea.com/en/games/ea-sports-fc/ratings/player-ratings/hassan-kadish/210843,
H,KSA,Abdullah Al-Khaibari,68,high,https://www.ea.com/en/games/ea-sports-fc/ratings/player-ratings/abdullah-al-khaibari/237721,
H,KSA,Ziyad Al-Johani,67,high,https://www.ea.com/en/games/ea-sports-fc/ratings/player-ratings/ziyad-al-johani/263182,
H,KSA,Khalid Al-Ghannam,60,high,https://www.ea.com/en/games/ea-sports-fc/ratings/player-ratings/khalid-al-ghannam/248498,
H,KSA,Alaa Al-Hejji,63,medium,https://www.fifacm.com/player/231801/alaa-al-hajji,
H,KSA,Abdullah Al-Hamdan,64,high,https://www.ea.com/en/games/ea-sports-fc/ratings/player-ratings/abdullah-al-hamdan/242223,
H,KSA,Sultan Mandash,67,high,https://www.ea.com/en/games/ea-sports-fc/ratings/player-ratings/sultan-mandash/225976,
H,KSA,Mohammed Al-Owais,68,medium,https://www.fifacm.com/player/210923/mohammed-al-owais,
H,KSA,Ahmed Al-Kassar,63,high,https://www.ea.com/en/games/ea-sports-fc/ratings/player-ratings/ahmed-al-kassar/209027,
H,KSA,Mohamed Kanno,72,high,https://www.ea.com/en/games/ea-sports-fc/ratings/player-ratings/mohammed-kanno/220075,
H,KSA,Moteb Al-Harbi,67,high,https://www.ea.com/en/games/ea-sports-fc/ratings/player-ratings/muteb-al-harbi/256331,
H,KSA,Jehad Thakri,66,high,https://www.ea.com/en/games/ea-sports-fc/ratings/player-ratings/jehad-thekri/74699,
H,KSA,Mohammed Abu Al-Shamat,67,high,https://www.ea.com/en/games/ea-sports-fc/ratings/player-ratings/mohammed-abu-al-shamat/74436,
H,URU,José María Giménez,83,high,https://www.ea.com/en/games/ea-sports-fc/ratings/player-ratings/jose-maria-gimenez/216460,
H,URU,Sebastián Cáceres,75,medium,https://www.fifacm.com/player/253851/sebastian-caceres,
H,URU,Ronald Araújo,83,high,https://www.ea.com/en/games/ea-sports-fc/ratings/player-ratings/ronald-araujo/253163,
H,URU,Manuel Ugarte,79,high,https://www.ea.com/en/games/ea-sports-fc/ratings/player-ratings/manuel-ugarte/253306,
H,URU,Rodrigo Bentancur,80,high,https://www.ea.com/en/games/ea-sports-fc/ratings/player-ratings/rodrigo-bentancur/227535,
H,URU,Federico Valverde,89,high,https://www.ea.com/en/games/ea-sports-fc/ratings/player-ratings/federico-valverde/239053,
H,URU,Darwin Núñez,79,high,https://www.ea.com/en/games/ea-sports-fc/ratings/player-ratings/darwin-nunez/253072,
H,URU,Facundo Pellistri,73,high,https://www.ea.com/en/games/ea-sports-fc/ratings/player-ratings/facundo-pellistri/253283,
H,URU,Mathías Olivera,78,high,https://www.ea.com/en/games/ea-sports-fc/ratings/player-ratings/mathias-olivera/240716,
H,URU,Maximiliano Araújo,77,high,https://www.ea.com/en/games/ea-sports-fc/ratings/player-ratings/maximiliano-araujo/254817,
H,URU,Federico Viñas,72,high,https://www.ea.com/en/games/ea-sports-fc/ratings/player-ratings/federico-vinas/253385,
H,URU,Fernando Muslera,79,high,https://www.ea.com/en/games/ea-sports-fc/ratings/player-ratings/fernando-muslera/182494,
H,URU,Santiago Bueno,76,high,https://www.ea.com/en/games/ea-sports-fc/ratings/player-ratings/santiago-bueno/237658,
H,URU,Rodrigo Zalazar,79,high,https://www.ea.com/en/games/ea-sports-fc/ratings/player-ratings/rodrigo-zalazar/251377,
I,FRA,Brice Samba,80,high,https://www.ea.com/games/ea-sports-fc/ratings?gender=0&search=Brice%20Samba,
I,FRA,Malo Gusto,79,high,https://www.ea.com/games/ea-sports-fc/ratings?gender=0&search=Malo%20Gusto,
I,FRA,Lucas Digne,80,high,https://www.ea.com/games/ea-sports-fc/ratings?gender=0&search=Lucas%20Digne,
I,FRA,Dayot Upamecano,85,high,https://www.ea.com/games/ea-sports-fc/ratings?gender=0&search=Dayot%20Upamecano,
I,FRA,Jules Koundé,87,high,https://www.ea.com/games/ea-sports-fc/ratings?gender=0&search=Jules%20Kound%C3%A9,
I,FRA,Manu Koné,79,medium,https://www.ea.com/games/ea-sports-fc/ratings?gender=0&search=Manu%20Kon%C3%A9,
I,FRA,Ousmane Dembélé,90,high,https://www.ea.com/games/ea-sports-fc/ratings?gender=0&search=Ousmane%20Demb%C3%A9l%C3%A9,
I,FRA,Aurélien Tchouaméni,84,high,https://www.ea.com/games/ea-sports-fc/ratings?gender=0&search=Aur%C3%A9lien%20Tchouam%C3%A9ni,
I,FRA,Marcus Thuram,85,high,https://www.ea.com/games/ea-sports-fc/ratings?gender=0&search=Marcus%20Thuram,
I,FRA,Kylian Mbappé,91,high,https://www.ea.com/games/ea-sports-fc/ratings?gender=0&search=Kylian%20Mbapp%C3%A9,
I,FRA,Michael Olise,86,high,https://www.ea.com/games/ea-sports-fc/ratings?gender=0&search=Michael%20Olise,
I,FRA,Bradley Barcola,84,high,https://www.ea.com/games/ea-sports-fc/ratings?gender=0&search=Bradley%20Barcola,
I,FRA,N'Golo Kanté,85,high,https://www.ea.com/games/ea-sports-fc/ratings?gender=0&search=N'Golo%20Kant%C3%A9,
I,FRA,Adrien Rabiot,83,high,https://www.ea.com/games/ea-sports-fc/ratings?gender=0&search=Adrien%20Rabiot,
I,FRA,Ibrahima Konaté,86,high,https://www.ea.com/games/ea-sports-fc/ratings?gender=0&search=Ibrahima%20Konat%C3%A9,
I,FRA,Mike Maignan,87,high,https://www.ea.com/games/ea-sports-fc/ratings?gender=0&search=Mike%20Maignan,
I,FRA,William Saliba,87,high,https://www.ea.com/games/ea-sports-fc/ratings?gender=0&search=William%20Saliba,
I,FRA,Warren Zaïre-Emery,80,high,https://www.ea.com/games/ea-sports-fc/ratings?gender=0&search=Warren%20Za%C3%AFre-Emery,
I,FRA,Théo Hernandez,84,high,https://www.ea.com/games/ea-sports-fc/ratings?gender=0&search=Th%C3%A9o%20Hernandez,
I,FRA,Désiré Doué,85,high,https://www.ea.com/games/ea-sports-fc/ratings?gender=0&search=D%C3%A9sir%C3%A9%20Dou%C3%A9,
I,FRA,Lucas Hernandez,81,high,https://www.ea.com/games/ea-sports-fc/ratings?gender=0&search=Lucas%20Hernandez,
I,FRA,Jean-Philippe Mateta,82,high,https://www.ea.com/games/ea-sports-fc/ratings?gender=0&search=Jean-Philippe%20Mateta,
I,FRA,Robin Risser,71,high,https://www.ea.com/games/ea-sports-fc/ratings?gender=0&search=Robin%20Risser,
I,FRA,Rayan Cherki,81,high,https://www.ea.com/games/ea-sports-fc/ratings?gender=0&search=Rayan%20Cherki,
I,FRA,Maghnes Akliouche,80,high,https://www.ea.com/games/ea-sports-fc/ratings?gender=0&search=Maghnes%20Akliouche,
I,FRA,Maxence Lacroix,79,high,https://www.ea.com/games/ea-sports-fc/ratings?gender=0&search=Maxence%20Lacroix,
I,IRQ,Ibrahim Bayesh,68,high,https://www.ea.com/games/ea-sports-fc/ratings?gender=0&search=Ibrahim%20Bayesh,
I,IRQ,Ali Al-Hamadi,66,high,https://www.ea.com/games/ea-sports-fc/ratings?gender=0&search=Ali%20Al%20Hamadi,
I,IRQ,Ahmed Qasem,66,high,https://www.ea.com/games/ea-sports-fc/ratings?gender=0&search=Ahmed%20Qasem,
I,IRQ,Zidane Iqbal,68,high,https://www.ea.com/games/ea-sports-fc/ratings?gender=0&search=Zidane%20Iqbal,
I,IRQ,Amir Al-Ammari,65,high,https://www.ea.com/games/ea-sports-fc/ratings?gender=0&search=Amir%20Al-Ammari,
I,IRQ,Ali Jasim,62,high,https://www.ea.com/games/ea-sports-fc/ratings?gender=0&search=Ali%20Jasim,
I,IRQ,Kevin Yakob,66,high,https://www.ea.com/games/ea-sports-fc/ratings?gender=0&search=Kevin%20Yakob,
I,IRQ,Aimar Sher,67,high,https://www.ea.com/games/ea-sports-fc/ratings?gender=0&search=Aimar%20Sher,
I,IRQ,Marko Farji,66,high,https://www.ea.com/games/ea-sports-fc/ratings?gender=0&search=Marko%20Farji,
I,IRQ,Merchas Doski,68,high,https://www.ea.com/games/ea-sports-fc/ratings?gender=0&search=Merchas%20Doski,
I,NOR,Ørjan Nyland,76,high,https://www.ea.com/games/ea-sports-fc/ratings?gender=0&search=%C3%98rjan%20Nyland,
I,NOR,Morten Thorsby,72,high,https://www.ea.com/games/ea-sports-fc/ratings?gender=0&search=Morten%20Thorsby,
I,NOR,Kristoffer Ajer,75,high,https://www.ea.com/games/ea-sports-fc/ratings?gender=0&search=Kristoffer%20Ajer,
I,NOR,Leo Østigård,73,high,https://www.ea.com/games/ea-sports-fc/ratings?gender=0&search=Leo%20%C3%98stig%C3%A5rd,
I,NOR,David Møller Wolfe,73,high,https://www.ea.com/games/ea-sports-fc/ratings?gender=0&search=David%20M%C3%B8ller%20Wolfe,
I,NOR,Patrick Berg,77,high,https://www.ea.com/games/ea-sports-fc/ratings?gender=0&search=Patrick%20Berg,
I,NOR,Alexander Sørloth,84,high,https://www.ea.com/games/ea-sports-fc/ratings?gender=0&search=Alexander%20S%C3%B8rloth,
I,NOR,Sander Berge,79,high,https://www.ea.com/games/ea-sports-fc/ratings?gender=0&search=Sander%20Berge,
I,NOR,Erling Haaland,90,high,https://www.ea.com/games/ea-sports-fc/ratings?gender=0&search=Erling%20Haaland,
I,NOR,Martin Ødegaard,87,high,https://www.ea.com/games/ea-sports-fc/ratings?gender=0&search=Martin%20%C3%98degaard,
I,NOR,Jørgen Strand Larsen,78,high,https://www.ea.com/games/ea-sports-fc/ratings?gender=0&search=J%C3%B8rgen%20Strand%20Larsen,
I,NOR,Sander Tangvik,69,high,https://www.ea.com/games/ea-sports-fc/ratings?gender=0&search=Sander%20Tangvik,
I,NOR,Egil Selvik,70,high,https://www.ea.com/games/ea-sports-fc/ratings?gender=0&search=Egil%20Selvik,
I,NOR,Fredrik Aursnes,80,high,https://www.ea.com/games/ea-sports-fc/ratings?gender=0&search=Fredrik%20Aursnes,
I,NOR,Fredrik André Bjørkan,74,high,https://www.ea.com/games/ea-sports-fc/ratings?gender=0&search=Fredrik%20Bj%C3%B8rkan,
I,NOR,Marcus Holmgren Pedersen,72,high,https://www.ea.com/games/ea-sports-fc/ratings?gender=0&search=Marcus%20Pedersen,
I,NOR,Torbjørn Heggem,73,medium,https://www.ea.com/games/ea-sports-fc/ratings?gender=0&search=Torbj%C3%B8rn%20L.%20Heggem,
I,NOR,Kristian Thorstvedt,75,high,https://www.ea.com/games/ea-sports-fc/ratings?gender=0&search=Kristian%20Thorstvedt,
I,NOR,Thelo Aasgaard,68,high,https://www.ea.com/games/ea-sports-fc/ratings?gender=0&search=Thelo%20Aasgaard,
I,NOR,Antonio Nusa,76,high,https://www.ea.com/games/ea-sports-fc/ratings?gender=0&search=Antonio%20Nusa,
I,NOR,Andreas Schjelderup,74,high,https://www.ea.com/games/ea-sports-fc/ratings?gender=0&search=Andreas%20Schjelderup,
I,NOR,Oscar Bobb,72,high,https://www.ea.com/games/ea-sports-fc/ratings?gender=0&search=Oscar%20Bobb,
I,NOR,Jens Petter Hauge,74,high,https://www.ea.com/games/ea-sports-fc/ratings?gender=0&search=Jens%20Petter%20Hauge,
I,NOR,Sondre Langås,71,high,https://www.ea.com/games/ea-sports-fc/ratings?gender=0&search=Sondre%20Lang%C3%A5s,
I,NOR,Henrik Falchener,65,high,https://www.ea.com/games/ea-sports-fc/ratings?gender=0&search=Henrik%20Falchener,
I,NOR,Julian Ryerson,79,high,https://www.ea.com/games/ea-sports-fc/ratings?gender=0&search=Julian%20Ryerson,
I,SEN,Yehvann Diouf,78,high,https://www.ea.com/games/ea-sports-fc/ratings?gender=0&search=Yehvann%20Diouf,
I,SEN,Mamadou Sarr,76,high,https://www.ea.com/games/ea-sports-fc/ratings?gender=0&search=Mamadou%20Sarr,
I,SEN,Kalidou Koulibaly,82,high,https://www.ea.com/games/ea-sports-fc/ratings?gender=0&search=Kalidou%20Koulibaly,
I,SEN,Idrissa Gueye,79,high,https://www.ea.com/games/ea-sports-fc/ratings?gender=0&search=Idrissa%20Gueye,
I,SEN,Pathé Ciss,77,high,https://www.ea.com/games/ea-sports-fc/ratings?gender=0&search=Path%C3%A9%20Ciss,
I,SEN,Assane Diao,76,high,https://www.ea.com/games/ea-sports-fc/ratings?gender=0&search=Assane%20Diao,
I,SEN,Lamine Camara,77,high,https://www.ea.com/games/ea-sports-fc/ratings?gender=0&search=Lamine%20Camara,
I,SEN,Bamba Dieng,71,high,https://www.ea.com/games/ea-sports-fc/ratings?gender=0&search=Bamba%20Dieng,
I,SEN,Sadio Mané,83,high,https://www.ea.com/games/ea-sports-fc/ratings?gender=0&search=Sadio%20Man%C3%A9,
I,SEN,Nicolas Jackson,80,high,https://www.ea.com/games/ea-sports-fc/ratings?gender=0&search=Nicolas%20Jackson,
I,SEN,Iliman Ndiaye,79,high,https://www.ea.com/games/ea-sports-fc/ratings?gender=0&search=Iliman%20Ndiaye,
I,SEN,Ismail Jakobs,75,high,https://www.ea.com/games/ea-sports-fc/ratings?gender=0&search=Ismail%20Jakobs,
I,SEN,Krépin Diatta,74,high,https://www.ea.com/games/ea-sports-fc/ratings?gender=0&search=Kr%C3%A9pin%20Diatta,
I,SEN,Édouard Mendy,80,high,https://www.ea.com/games/ea-sports-fc/ratings?gender=0&search=%C3%89douard%20Mendy,
I,SEN,Pape Matar Sarr,79,high,https://www.ea.com/games/ea-sports-fc/ratings?gender=0&search=Pape%20Matar%20Sarr,
I,SEN,Ismaïla Sarr,79,high,https://www.ea.com/games/ea-sports-fc/ratings?gender=0&search=Isma%C3%AFla%20Sarr,
I,SEN,Moussa Niakhaté,77,high,https://www.ea.com/games/ea-sports-fc/ratings?gender=0&search=Moussa%20Niakhat%C3%A9,
I,SEN,Ibrahim Mbaye,66,high,https://www.ea.com/games/ea-sports-fc/ratings?gender=0&search=Ibrahim%20Mbaye,
I,SEN,Habib Diarra,77,high,https://www.ea.com/games/ea-sports-fc/ratings?gender=0&search=Habib%20Diarra,
I,SEN,Mory Diaw,70,high,https://www.ea.com/games/ea-sports-fc/ratings?gender=0&search=Mory%20Diaw,
I,SEN,Antoine Mendy,70,high,https://www.ea.com/games/ea-sports-fc/ratings?gender=0&search=Antoine%20Mendy,
I,SEN,El Hadji Malick Diouf,75,high,https://www.ea.com/games/ea-sports-fc/ratings?gender=0&search=El%20Hadji%20Malick%20Diouf,
I,SEN,Pape Gueye,78,high,https://www.ea.com/games/ea-sports-fc/ratings?gender=0&search=Pape%20Gueye,
J,ALG,Aïssa Mandi,75,high,https://www.ea.com/en/games/ea-sports-fc/ratings/player-ratings/aissa-mandi/201143,
J,ALG,Ramiz Zerrouki,73,high,https://www.ea.com/en/games/ea-sports-fc/ratings/player-ratings/ramiz-zerrouki/252383,
J,ALG,Riyad Mahrez,84,high,https://www.ea.com/en/games/ea-sports-fc/ratings/player-ratings/riyad-mahrez/204485,
J,ALG,Houssem Aouar,77,high,https://www.ea.com/en/games/ea-sports-fc/ratings/player-ratings/houssem-aouar/234906,
J,ALG,Amine Gouiri,79,high,https://www.ea.com/en/games/ea-sports-fc/ratings/player-ratings/amine-gouiri/240753,
J,ALG,Farès Chaïbi,74,high,https://www.ea.com/en/games/ea-sports-fc/ratings/player-ratings/fares-chaibi/270670,
J,ALG,Anis Hadj Moussa,76,high,https://www.ea.com/en/games/ea-sports-fc/ratings/player-ratings/anis-hadj-moussa/70726,
J,ALG,Jaouen Hadjam,69,high,https://www.ea.com/en/games/ea-sports-fc/ratings/player-ratings/jaouen-hadjam/258230,
J,ALG,Hicham Boudaoui,77,high,https://www.ea.com/en/games/ea-sports-fc/ratings/player-ratings/hicham-boudaoui/253157,
J,ALG,Rayan Aït-Nouri,81,high,https://www.ea.com/en/games/ea-sports-fc/ratings/player-ratings/rayan-ait-nouri/242641,
J,ALG,Rafik Belghali,66,high,https://www.ea.com/en/games/ea-sports-fc/ratings/player-ratings/rafik-belghali/276314,
J,ALG,Mohamed Amoura,80,high,https://www.ea.com/en/games/ea-sports-fc/ratings/player-ratings/mohamed-amoura/264697,
J,ALG,Nabil Bentaleb,77,high,https://www.ea.com/en/games/ea-sports-fc/ratings/player-ratings/nabil-bentaleb/213296,
J,ALG,Ramy Bensebaini,79,high,https://www.ea.com/en/games/ea-sports-fc/ratings/player-ratings/ramy-bensebaini/224196,
J,ALG,Ibrahim Maza,71,high,https://www.ea.com/en/games/ea-sports-fc/ratings/player-ratings/ibrahim-maza/275029,
J,ALG,Luca Zidane,71,high,https://www.ea.com/en/games/ea-sports-fc/ratings/player-ratings/luca-zidane/240311,
J,ALG,Yacine Titraoui,68,high,https://www.ea.com/en/games/ea-sports-fc/ratings/player-ratings/yacine-titraoui/73348,
J,ALG,Samir Chergui,67,high,https://www.ea.com/en/games/ea-sports-fc/ratings/player-ratings/samir-chergui/248477,
J,ARG,Juan Musso,79,high,https://www.ea.com/en/games/ea-sports-fc/ratings/player-ratings/juan-musso/214979,
J,ARG,Leonardo Balerdi,81,high,https://www.ea.com/en/games/ea-sports-fc/ratings/player-ratings/leonardo-balerdi/242835,
J,ARG,Nicolás Tagliafico,78,high,https://www.ea.com/en/games/ea-sports-fc/ratings/player-ratings/nicolas-tagliafico/211256,
J,ARG,Gonzalo Montiel,78,high,https://www.ea.com/en/games/ea-sports-fc/ratings/player-ratings/gonzalo-montiel/231340,
J,ARG,Leandro Paredes,78,high,https://www.ea.com/en/games/ea-sports-fc/ratings/player-ratings/leandro-paredes/207439,
J,ARG,Lisandro Martínez,81,high,https://www.ea.com/en/games/ea-sports-fc/ratings/player-ratings/lisandro-martinez/239301,
J,ARG,Rodrigo De Paul,84,high,https://www.ea.com/en/games/ea-sports-fc/ratings/player-ratings/rodrigo-de-paul/212616,
J,ARG,Valentín Barco,75,high,https://www.ea.com/en/games/ea-sports-fc/ratings/player-ratings/valentin-barco/263370,
J,ARG,Julián Alvarez,87,high,https://www.ea.com/en/games/ea-sports-fc/ratings/player-ratings/julian-alvarez/246191,
J,ARG,Lionel Messi,86,high,https://www.ea.com/en/games/ea-sports-fc/ratings/player-ratings/lionel-messi/158023,
J,ARG,Giovani Lo Celso,82,high,https://www.ea.com/en/games/ea-sports-fc/ratings/player-ratings/giovani-lo-celso/226226,
J,ARG,Gerónimo Rulli,82,high,https://www.ea.com/en/games/ea-sports-fc/ratings/player-ratings/geronimo-rulli/215316,
J,ARG,Cristian Romero,82,high,https://www.ea.com/en/games/ea-sports-fc/ratings/player-ratings/cristian-romero/232488,
J,ARG,Exequiel Palacios,84,high,https://www.ea.com/en/games/ea-sports-fc/ratings/player-ratings/exequiel-palacios/231521,
J,ARG,Nicolás González,78,high,https://www.ea.com/id/games/ea-sports-fc/ratings/player-ratings/nico-gonzalez/240690,
J,ARG,Thiago Almada,79,high,https://www.ea.com/en/games/ea-sports-fc/ratings/player-ratings/thiago-almada/245371,
J,ARG,Giuliano Simeone,81,high,https://www.ea.com/en/games/ea-sports-fc/ratings/player-ratings/giuliano-simeone/253396,
J,ARG,Nico Paz,79,high,https://www.ea.com/en/games/ea-sports-fc/ratings/player-ratings/nico-paz/277846,
J,ARG,Nicolás Otamendi,82,high,https://www.ea.com/en/games/ea-sports-fc/ratings/player-ratings/nicolas-otamendi/192366,
J,ARG,Alexis Mac Allister,87,high,https://www.ea.com/en/games/ea-sports-fc/ratings/player-ratings/alexis-mac-allister/239837,
J,ARG,Lautaro Martínez,88,high,https://www.ea.com/en/games/ea-sports-fc/ratings/player-ratings/lautaro-martinez/231478,
J,ARG,Emiliano Martínez,85,high,https://www.ea.com/en/games/ea-sports-fc/ratings/player-ratings/emiliano-martinez/202811,
J,ARG,Enzo Fernández,84,high,https://www.ea.com/en/games/ea-sports-fc/ratings/player-ratings/enzo-fernandez/247090,
J,ARG,Facundo Medina,79,high,https://www.ea.com/en/games/ea-sports-fc/ratings/player-ratings/facundo-medina/236804,
J,ARG,Nahuel Molina,79,high,https://www.ea.com/en/games/ea-sports-fc/ratings/player-ratings/nahuel-molina/233084,
J,AUT,Alexander Schlager,73,high,https://www.ea.com/en/games/ea-sports-fc/ratings/player-ratings/alexander-schlager/215522,
J,AUT,David Affengruber,75,high,https://www.ea.com/games/ea-sports-fc/ratings/player-ratings/david-affengruber/261264,
J,AUT,Kevin Danso,79,high,https://www.ea.com/en/games/ea-sports-fc/ratings/player-ratings/kevin-danso/237985,
J,AUT,Xaver Schlager,80,high,https://www.ea.com/en/games/ea-sports-fc/ratings/player-ratings/xaver-schlager/233195,
J,AUT,Stefan Posch,79,high,https://www.ea.com/en/games/ea-sports-fc/ratings/player-ratings/stefan-posch/223671,
J,AUT,Nicolas Seiwald,77,high,https://www.ea.com/en/games/ea-sports-fc/ratings/player-ratings/nicolas-seiwald/257876,
J,AUT,David Alaba,82,high,https://www.ea.com/en/games/ea-sports-fc/ratings/player-ratings/david-alaba/197445,
J,AUT,Marcel Sabitzer,80,high,https://www.ea.com/en/games/ea-sports-fc/ratings/player-ratings/marcel-sabitzer/204923,
J,AUT,Florian Grillitsch,75,high,https://www.ea.com/en/games/ea-sports-fc/ratings/player-ratings/florian-grillitsch/228336,
J,AUT,Michael Gregoritsch,75,high,https://www.ea.com/en/games/ea-sports-fc/ratings/player-ratings/michael-gregoritsch/199439,
J,AUT,Florian Wiegele,67,high,https://www.ea.com/en/games/ea-sports-fc/ratings/player-ratings/florian-wiegele/72937,
J,AUT,Patrick Pentz,72,high,https://www.ea.com/en/games/ea-sports-fc/ratings/player-ratings/patrick-pentz/228505,
J,AUT,Saša Kalajdžić,74,high,https://www.ea.com/en/games/ea-sports-fc/ratings/player-ratings/sasa-kalajdzic/239901,
J,AUT,Philipp Lienhart,79,high,https://www.ea.com/en/games/ea-sports-fc/ratings/player-ratings/philipp-lienhart/231366,
J,AUT,Phillipp Mwene,76,high,https://www.ea.com/en/games/ea-sports-fc/ratings/player-ratings/phillipp-mwene/216275,
J,AUT,Carney Chukwuemeka,76,high,https://www.ea.com/en/games/ea-sports-fc/ratings/player-ratings/carney-chukwuemeka/259356,
J,AUT,Romano Schmid,78,high,https://www.ea.com/en/games/ea-sports-fc/ratings/player-ratings/romano-schmid/239701,
J,AUT,Christoph Baumgartner,77,high,https://www.ea.com/en/games/ea-sports-fc/ratings/player-ratings/christoph-baumgartner/242187,
J,AUT,Konrad Laimer,82,high,https://www.ea.com/en/games/ea-sports-fc/ratings/player-ratings/konrad-laimer/225375,
J,AUT,Patrick Wimmer,77,high,https://www.ea.com/en/games/ea-sports-fc/ratings/player-ratings/patrick-wimmer/254566,
J,AUT,Alexander Prass,74,high,https://www.ea.com/en/games/ea-sports-fc/ratings/player-ratings/alexander-prass/263041,
J,AUT,Marco Friedl,77,high,https://www.ea.com/en/games/ea-sports-fc/ratings/player-ratings/marco-friedl/237595,
J,AUT,Paul Wanner,72,high,https://www.ea.com/en/games/ea-sports-fc/ratings/player-ratings/paul-wanner/266237,
J,AUT,Michael Svoboda,68,high,https://www.ea.com/en/games/ea-sports-fc/ratings/player-ratings/michael-svoboda/250779,
J,AUT,Alessandro Schöpf,68,high,https://www.ea.com/en/games/ea-sports-fc/ratings/player-ratings/alessandro-schopf/220925,
J,JOR,Yazan Al-Arab,75,high,https://www.ea.com/en/games/ea-sports-fc/ratings/player-ratings/yazan-al-arab/73466,
K,COD,Lionel Mpasi,67,high,https://www.ea.com/en/games/ea-sports-fc/ratings/player-ratings/lionel-mpasi/223150,
K,COD,Aaron Wan-Bissaka,80,high,https://www.ea.com/en/games/ea-sports-fc/ratings/player-ratings/aaron-wan-bissaka/229880,
K,COD,Steve Kapuadi,71,high,https://www.ea.com/en/games/ea-sports-fc/ratings/player-ratings/steve-kapuadi/269507,
K,COD,Axel Tuanzebe,73,high,https://www.ea.com/en/games/ea-sports-fc/ratings/player-ratings/axel-tuanzebe/231485,
K,COD,Dylan Batubinsika,71,high,https://www.ea.com/en/games/ea-sports-fc/ratings/player-ratings/dylan-batubinsika/239814,
K,COD,Ngal'ayel Mukau,74,high,https://www.ea.com/en/games/ea-sports-fc/ratings/player-ratings/ngal-ayel-mukau/274447,
K,COD,Nathanaël Mbuku,70,high,https://www.ea.com/en/games/ea-sports-fc/ratings/player-ratings/nathanael-mbuku/253036,
K,COD,Brian Cipenga,66,high,https://www.ea.com/en/games/ea-sports-fc/ratings/player-ratings/brian-cipenga/73317,
K,COD,Joris Kayembe,74,high,https://www.ea.com/en/games/ea-sports-fc/ratings/player-ratings/joris-kayembe/222875,
K,COD,Noah Sadiki,74,high,https://www.ea.com/en/games/ea-sports-fc/ratings/player-ratings/noah-sadiki/269230,
K,COD,Cédric Bakambu,77,high,https://www.ea.com/en/games/ea-sports-fc/ratings/player-ratings/cedric-bakambu/198951,
K,COD,Charles Pickel,71,high,https://www.ea.com/en/games/ea-sports-fc/ratings/player-ratings/charles-pickel/233884,
K,COD,Yoane Wissa,82,high,https://www.ea.com/en/games/ea-sports-fc/ratings/player-ratings/yoane-wissa/234824,
K,COD,Matthieu Epolo,73,medium,https://www.ea.com/en/games/ea-sports-fc/ratings/player-ratings/matthieu-epolo/262265,
K,COD,Simon Banza,81,high,https://www.ea.com/en/games/ea-sports-fc/ratings/player-ratings/simon-banza/231652,
K,COD,Edo Kayembe,71,high,https://www.ea.com/en/games/ea-sports-fc/ratings/player-ratings/edo-kayembe/242217,
K,COD,Arthur Masuaku,75,high,https://www.ea.com/en/games/ea-sports-fc/ratings/player-ratings/arthur-masuaku/212491,
K,COL,David Ospina,76,high,https://www.ea.com/en/games/ea-sports-fc/ratings/player-ratings/david-ospina/176550,
K,COL,Daniel Muñoz,81,high,https://www.ea.com/en/games/ea-sports-fc/ratings/player-ratings/daniel-munoz/237646,
K,COL,Jhon Lucumí,76,high,https://www.ea.com/en/games/ea-sports-fc/ratings/player-ratings/jhon-lucumi/231207,
K,COL,Kevin Castaño,77,high,https://www.ea.com/en/games/ea-sports-fc/ratings/player-ratings/kevin-castano/272951,
K,COL,Richard Ríos,79,high,https://www.ea.com/en/games/ea-sports-fc/ratings/player-ratings/richard-rios/262881,
K,COL,Luis Díaz,85,high,https://www.ea.com/en/games/ea-sports-fc/ratings/player-ratings/luis-diaz/241084,
K,COL,Jhon Arias,78,high,https://www.ea.com/en/games/ea-sports-fc/ratings/player-ratings/jhon-arias/241602,
K,COL,Yerry Mina,77,high,https://www.ea.com/en/games/ea-sports-fc/ratings/player-ratings/yerry-mina/220523,
K,COL,Gustavo Puerta,68,high,https://www.ea.com/en/games/ea-sports-fc/ratings/player-ratings/gustavo-puerta/273827,
K,COL,Jefferson Lerma,77,high,https://www.ea.com/en/games/ea-sports-fc/ratings/player-ratings/jefferson-lerma/213991,
K,COL,Johan Mojica,78,high,https://www.ea.com/en/games/ea-sports-fc/ratings/player-ratings/johan-mojica/214026,
K,COL,Cucho Hernández,78,high,https://www.ea.com/en/games/ea-sports-fc/ratings/player-ratings/cucho/237034,
K,COL,Juan Fernando Quintero,77,high,https://www.ea.com/en/games/ea-sports-fc/ratings/player-ratings/juan-fernando-quintero/210513,
K,COL,Jaminton Campaz,76,high,https://www.ea.com/en/games/ea-sports-fc/ratings/player-ratings/jaminton-campaz/238230,
K,COL,Deiver Machado,76,high,https://www.ea.com/en/games/ea-sports-fc/ratings/player-ratings/deiver-machado/220837,
K,COL,Davinson Sánchez,82,high,https://www.ea.com/en/games/ea-sports-fc/ratings/player-ratings/davinson-sanchez/220793,
K,COL,Álvaro Montero,75,high,https://www.ea.com/en/games/ea-sports-fc/ratings/player-ratings/alvaro-montero/229541,
K,COL,Luis Suárez,77,high,https://www.ea.com/en/games/ea-sports-fc/ratings/player-ratings/luis-javier-suarez/245158,
K,POR,Diogo Costa,84,high,https://www.ea.com/en/games/ea-sports-fc/ratings/player-ratings/diogo-costa/234577,
K,POR,Nélson Semedo,77,high,https://www.ea.com/en/games/ea-sports-fc/ratings/player-ratings/nelson-semedo/227928,
K,POR,Rúben Dias,86,high,https://www.ea.com/en/games/ea-sports-fc/ratings/player-ratings/ruben-dias/239818,
K,POR,Tomás Araújo,78,high,https://www.ea.com/en/games/ea-sports-fc/ratings/player-ratings/tomas-araujo/266096,
K,POR,Diogo Dalot,79,high,https://www.ea.com/en/games/ea-sports-fc/ratings/player-ratings/diogo-dalot/234574,
K,POR,Matheus Nunes,79,high,https://www.ea.com/en/games/ea-sports-fc/ratings/player-ratings/matheus-nunes/253124,
K,POR,Cristiano Ronaldo,85,high,https://www.ea.com/en/games/ea-sports-fc/ratings/player-ratings/cristiano-ronaldo/20801,
K,POR,Bruno Fernandes,87,high,https://www.ea.com/en/games/ea-sports-fc/ratings/player-ratings/bruno-fernandes/212198,
K,POR,Gonçalo Ramos,80,high,https://www.ea.com/en/games/ea-sports-fc/ratings/player-ratings/goncalo-ramos/256903,
K,POR,Bernardo Silva,84,high,https://www.ea.com/en/games/ea-sports-fc/ratings/player-ratings/bernardo-silva/218667,
K,POR,João Félix,79,high,https://www.ea.com/en/games/ea-sports-fc/ratings/player-ratings/joao-felix/242444,
K,POR,José Sá,77,high,https://www.ea.com/en/games/ea-sports-fc/ratings/player-ratings/jose-sa/212442,
K,POR,Renato Veiga,76,high,https://www.ea.com/en/games/ea-sports-fc/ratings/player-ratings/renato-veiga/273906,
K,POR,Gonçalo Inácio,81,high,https://www.ea.com/en/games/ea-sports-fc/ratings/player-ratings/goncalo-inacio/257179,
K,POR,João Neves,85,high,https://www.ea.com/en/games/ea-sports-fc/ratings/player-ratings/joao-neves/272834,
K,POR,Francisco Trincão,82,high,https://www.ea.com/en/games/ea-sports-fc/ratings/player-ratings/trincao/244778,
K,POR,Rafael Leão,84,high,https://www.ea.com/en/games/ea-sports-fc/ratings/player-ratings/rafael-leao/241721,
K,POR,Pedro Neto,80,high,https://www.ea.com/en/games/ea-sports-fc/ratings/player-ratings/pedro-neto/238616,
K,POR,Gonçalo Guedes,75,high,https://www.ea.com/en/games/ea-sports-fc/ratings/player-ratings/goncalo-guedes/224411,
K,POR,João Cancelo,84,high,https://www.ea.com/en/games/ea-sports-fc/ratings/player-ratings/joao-cancelo/210514,
K,POR,Rúben Neves,84,high,https://www.ea.com/en/games/ea-sports-fc/ratings/player-ratings/ruben-neves/224293,
K,POR,Rui Silva,81,high,https://www.ea.com/en/games/ea-sports-fc/ratings/player-ratings/rui-silva/210385,
K,POR,Vitinha,89,high,https://www.ea.com/en/games/ea-sports-fc/ratings/player-ratings/vitinha/255253,
K,POR,Samú Costa,78,high,https://www.ea.com/en/games/ea-sports-fc/ratings/player-ratings/samu-costa/255566,
K,POR,Nuno Mendes,86,high,https://www.ea.com/en/games/ea-sports-fc/ratings/player-ratings/nuno-mendes/252145,
K,POR,Francisco Conceição,79,high,https://www.ea.com/en/games/ea-sports-fc/ratings/player-ratings/francisco-conceicao/261050,
K,UZB,Abdukodir Khusanov,77,high,https://www.ea.com/en/games/ea-sports-fc/ratings/player-ratings/abdukodir-khusanov/277031,
K,UZB,Eldor Shomurodov,74,high,https://www.ea.com/en/games/ea-sports-fc/ratings/player-ratings/eldor-shomurodov/239964,
L,CRO,Dominik Livaković,78,medium,https://www.fcratings.com/dominik-livakovic-241671,
L,CRO,Josip Stanišić,79,medium,https://www.fcratings.com/josip-stanisic-250955,
L,CRO,Marin Pongračić,73,medium,https://www.fcratings.com/marin-pongracic-238370,
L,CRO,Joško Gvardiol,85,medium,https://www.fcratings.com/josko-gvardiol-251517,
L,CRO,Duje Ćaleta-Car,74,medium,https://www.fcratings.com/duje-caleta-car-225263,
L,CRO,Josip Šutalo,77,medium,https://www.fcratings.com/josip-sutalo-256325,
L,CRO,Nikola Moro,75,medium,https://www.fcratings.com/nikola-moro-244270,
L,CRO,Mateo Kovačić,82,medium,https://www.fcratings.com/mateo-kovacic-207410,
L,CRO,Andrej Kramarić,81,medium,https://www.fcratings.com/andrej-kramaric-216354,
L,CRO,Luka Modrić,85,medium,https://www.fcratings.com/luka-modric-177003,
L,CRO,Ante Budimir,82,medium,https://www.fcratings.com/ante-budimir-188335,
L,CRO,Ivor Pandur,72,medium,https://www.fcratings.com/ivor-pandur-258585,
L,CRO,Nikola Vlašić,80,medium,https://www.fcratings.com/nikola-vlasic-241095,
L,CRO,Ivan Perišić,81,medium,https://www.fcratings.com/ivan-perisic-181458,
L,CRO,Mario Pašalić,79,medium,https://www.fcratings.com/mario-pasalic-223273,
L,CRO,Martin Baturina,79,medium,https://www.fcratings.com/martin-baturina-262842,
L,CRO,Petar Sučić,77,medium,https://www.fcratings.com/petar-sucic-276278,
L,CRO,Kristijan Jakić,75,medium,https://www.fcratings.com/kristijan-jakic-257889,
L,CRO,Toni Fruk,77,medium,https://www.futwiz.com/fc26/career-mode/player/toni-fruk/24365,
L,CRO,Igor Matanović,74,medium,https://www.fcratings.com/igor-matanovic-259750,
L,CRO,Luka Sučić,76,medium,https://www.fcratings.com/luka-sucic-258775,
L,CRO,Luka Vušković,78,medium,https://www.fcratings.com/luka-vuskovic-275192,
L,CRO,Dominik Kotarski,75,medium,https://www.fcratings.com/dominik-kotarski-246267,
L,CRO,Marco Pašalić,72,medium,https://www.fcratings.com/marco-pasalic-262740,
L,CRO,Martin Erlić,73,medium,https://www.fcratings.com/martin-erlic-244456,
L,CRO,Petar Musa,77,medium,https://www.fcratings.com/petar-musa-244797,
L,ENG,Jordan Pickford,85,medium,https://www.fcratings.com/jordan-pickford-204935,
L,ENG,Ezri Konsa,84,medium,https://www.fcratings.com/ezri-konsa-227678,
L,ENG,Nico O'Reilly,81,medium,https://www.fcratings.com/nico-oreilly-277427,
L,ENG,Declan Rice,88,medium,https://www.fcratings.com/declan-rice-234378,
L,ENG,John Stones,82,medium,https://www.fcratings.com/john-stones-203574,
L,ENG,Marc Guéhi,84,medium,https://www.fcratings.com/marc-guehi-241159,
L,ENG,Bukayo Saka,87,medium,https://www.fcratings.com/bukayo-saka-246669,
L,ENG,Elliot Anderson,82,medium,https://www.fcratings.com/elliot-anderson-254243,
L,ENG,Harry Kane,90,medium,https://www.fcratings.com/harry-kane-202126,
L,ENG,Jude Bellingham,89,medium,https://www.fcratings.com/jude-bellingham-252371,
L,ENG,Marcus Rashford,82,medium,https://www.fcratings.com/marcus-rashford-231677,
L,ENG,Tino Livramento,80,medium,https://www.fcratings.com/tino-livramento-262118,
L,ENG,Dean Henderson,82,medium,https://www.fcratings.com/dean-henderson-233306,
L,ENG,Jordan Henderson,79,medium,https://www.fcratings.com/jordan-henderson-183711,
L,ENG,Dan Burn,80,medium,https://www.fcratings.com/dan-burn-198032,
L,ENG,Kobbie Mainoo,79,medium,https://www.fcratings.com/kobbie-mainoo-269136,
L,ENG,Morgan Rogers,84,medium,https://www.fcratings.com/morgan-rogers-260247,
L,ENG,Anthony Gordon,82,medium,https://www.fcratings.com/anthony-gordon-242964,
L,ENG,Ollie Watkins,82,medium,https://www.fcratings.com/ollie-watkins-221697,
L,ENG,Noni Madueke,80,medium,https://www.fcratings.com/noni-madueke-254796,
L,ENG,Eberechi Eze,84,medium,https://www.fcratings.com/eberechi-eze-235794,
L,ENG,Ivan Toney,82,medium,https://www.fcratings.com/ivan-toney-212228,
L,ENG,James Trafford,77,medium,https://www.fcratings.com/james-trafford-263063,
L,ENG,Reece James,84,medium,https://www.fcratings.com/reece-james-238074,
L,ENG,Djed Spence,79,medium,https://www.fcratings.com/djed-spence-243702,
L,ENG,Jarell Quansah,76,medium,https://www.fcratings.com/jarell-quansah-273651,
L,GHA,Lawrence Ati-Zigi,73,medium,https://www.fcratings.com/lawrence-ati-zigi-229956,
L,GHA,Alidu Seidu,74,medium,https://www.fcratings.com/alidu-seidu-257946,
L,GHA,Caleb Yirenkyi,71,medium,https://www.fcratings.com/caleb-yirenkyi-73638,
L,GHA,Jonas Adjetey,70,medium,https://www.fcratings.com/jonas-adjetey-276634,
L,GHA,Thomas Partey,79,medium,https://www.fcratings.com/thomas-partey-209989,
L,GHA,Abdul Mumin,77,medium,https://www.fcratings.com/abdul-mumin-235662,
L,GHA,Abdul Fatawu,76,medium,https://www.fcratings.com/abdul-fatawu-267680,
L,GHA,Kwasi Sibo,70,medium,https://www.fcratings.com/kwasi-sibo-253114,
L,GHA,Jordan Ayew,69,medium,https://www.fcratings.com/jordan-ayew-197756,
L,GHA,Brandon Thomas-Asante,72,medium,https://www.fcratings.com/brandon-thomas-asante-235744,
L,GHA,Antoine Semenyo,84,medium,https://www.fcratings.com/antoine-semenyo-241236,
L,GHA,Joseph Anang,68,medium,https://www.fcratings.com/joseph-anang-244191,
L,GHA,Christopher Bonsu Baah,73,medium,https://www.fcratings.com/christopher-bonsu-baah-274913,
L,GHA,Gideon Mensah,74,medium,https://www.fcratings.com/gideon-mensah-247124,
L,GHA,Elisha Owusu,73,medium,https://www.fcratings.com/elisha-owusu-238392,
L,GHA,Abdul Rahman Baba,75,medium,https://www.fcratings.com/rahman-baba-209620,
L,GHA,Jerome Opoku,72,medium,https://www.fcratings.com/jerome-opoku-241710,
L,GHA,Iñaki Williams,81,medium,https://www.fcratings.com/inaki-williams-216201,
L,GHA,Augustine Boakye,71,medium,https://www.fcratings.com/augustine-boakye-264441,
L,GHA,Kojo Peprah Oppong,72,medium,https://www.fcratings.com/kojo-peprah-oppong-273948,
L,GHA,Kamaldeen Sulemana,73,medium,https://www.fcratings.com/kamaldeen-sulemana-256035,
L,GHA,Ernest Nuamah,75,medium,https://www.fcratings.com/ernest-nuamah-268763,
L,GHA,Prince Kwabena Adu,72,medium,https://www.fcratings.com/prince-kwabena-adu-74753,
L,GHA,Marvin Senaya,70,medium,https://www.fcratings.com/marvin-senaya-263112,
L,PAN,Luis Mejía,72,medium,https://www.fcratings.com/luis-mejia-202089,
L,PAN,José Córdoba,70,medium,https://www.fcratings.com/jose-cordoba-72708,
L,PAN,Fidel Escobar,66,medium,https://www.cmtracker.net/pl/players/240196/fidel-escobar,
L,PAN,Adalberto Carrasquilla,74,medium,https://www.fifacm.com/player/243544/adalberto-carrasquilla,
L,PAN,Ismael Díaz,73,medium,https://www.fifacm.com/player/231867/ismael-diaz,
L,PAN,Carlos Harvey,66,medium,https://www.fcratings.com/carlos-harvey-259568,
L,PAN,Andrés Andrade,69,medium,https://www.fcratings.com/andres-andrade-252873,
L,PAN,José Fajardo,68,medium,https://www.fcratings.com/jose-fajardo-243545,
L,PAN,Aníbal Godoy,70,medium,https://www.fcratings.com/anibal-godoy-217047,
L,PAN,Orlando Mosquera,70,medium,https://www.fcratings.com/orlando-mosquera-263976,
L,PAN,Michael Amir Murillo,75,medium,https://www.fcratings.com/amir-murillo-237841,
